Nama,Jenis Kelamin,Umur,Status Menikah,Kehadiran (%),Partisipasi Diskusi (skor),Nilai Tugas (rata-rata),Aktivitas E-Learning (skor),IPK,Status Akademik
Anastasia Pradipta,Perempuan,24,MENIKAH,61,47,60,98,2.27,Lulus
Salman Mahendra,Perempuan,29,Menikh,88,52,95,90,2.35,Lulus
"Mahfud Narpati, S.Gz",Laki-laki,26,MENIKAH,46,71,77,97,3.3,Lulus
Bahuwirya Sihotang,Laki-laki,21,B belum menikah,40,67,45,91,3.84,Lulus
Puti Raisa Mardhiyah,Laki-laki,30,belum menikah,45,57,82,94,2.3,Lulus
Hartaka Nugroho,Perempuan,22,Blm menikah,88,86,92,97,3.87,Lulus
Viktor Wulandari,Laki-laki,26,BELUM MENIKAH,63,85,76,59,3.57,Lulus
Genta Zulkarnain,Perempuan,24,single,50,65,61,72,2.03,Tidak
"Hj. Oliva Wahyudin, M.Farm",Perempuan,30,Menikaah,83,90,72,94,2.89,Lulus
"Dr. Gilda Samosir, S.Kom",Perempuan,27,Menikh,88,66,82,66,3.69,Lulus
Parman Mandasari,Laki-laki,24,Mnikah,92,44,65,58,3.41,Lulus
"Oni Hutasoit, M.Pd",Perempuan,28,Mnikah,48,57,56,70,2.63,Tidak
"Tgk. Fathonah Hidayanto, S.Gz",Perempuan,29,MENIKAH,70,69,100,89,3.32,Lulus
Ir. Darijan Setiawan,Perempuan,29,B belum menikah,40,45,48,85,3.26,Tidak
Kiandra Purnawati,Perempuan,23,sudah menikah,82,43,80,94,2.31,Lulus
Hasna Haryanti,Perempuan,22,menikah,66,48,44,65,3.4,Lulus
Anastasia Damanik,Perempuan,27,Menikh,49,55,85,53,2.02,Tidak
Kawaya Saragih,Perempuan,20,Mnikah,87,51,77,44,2.68,Lulus
Purwanto Puspasari,Perempuan,26,single,94,95,95,57,3.7,Lulus
Tari Mulyani,Perempuan,22,single,71,60,99,48,2.83,Lulus
Yunita Purwanti,Laki-laki,26,Mnikah,69,46,71,55,3.11,Lulus
"R. Carla Samosir, M.Farm",Perempuan,27,sudah menikah,93,87,87,92,2.95,Lulus
Maimunah Thamrin,Laki-laki,25,BELUM MENIKAH,76,92,51,45,3.78,Lulus
Yuliana Siregar,Perempuan,29,Belm Menikah,45,43,70,95,2.14,Lulus
"Jane Nasyiah, M.TI.",Laki-laki,25,sudah menikah,84,59,74,81,3.23,Lulus
Okta Dongoran,Laki-laki,22,B belum menikah,63,67,42,87,3.89,Lulus
Enteng Uyainah,Laki-laki,19,Menikaah,95,67,69,59,2.21,Lulus
"Cornelia Ardianto, S.Gz",Laki-laki,20,Menikaah,48,41,45,64,2.97,Tidak
Sutan Gamblang Usada,Perempuan,29,Blm menikah,64,70,63,96,2.76,Lulus
Aisyah Nuraini,Laki-laki,29,Blm menikah,78,53,88,79,3.82,Lulus
"Sutan Panca Gunarto, S.Pd",Laki-laki,21,MENIKAH,53,84,69,62,3.07,Lulus
Ulva Mardhiyah,Perempuan,27,Menikaah,69,86,79,58,2.11,Lulus
Amalia Prayoga,Laki-laki,23,menikah,96,88,75,81,3.38,Lulus
"Paulin Sudiati, S.Sos",Perempuan,20,single,76,45,42,78,2.56,Lulus
"Kayla Wibowo, S.IP",Perempuan,19,MENIKAH,82,57,55,56,2.87,Lulus
Rachel Yuliarti,Laki-laki,28,belum menikah,59,47,100,52,3.21,Lulus
Raina Prasetya,Perempuan,25,MENIKAH,56,71,49,66,3.45,Lulus
Vanesa Prasetya,Laki-laki,29,single,58,95,45,51,2.84,Lulus
"Drs. Lasmanto Putra, M.Kom.",Perempuan,24,sudah menikah,46,88,40,63,3.06,Lulus
Usyi Kurniawan,Laki-laki,29,MENIKAH,62,50,60,97,3.35,Lulus
Puti Indah Sudiati,Perempuan,21,Menikaah,70,88,67,65,2.2,Lulus
"Harjasa Oktaviani, S.Ked",Laki-laki,30,single,68,45,93,62,2.72,Lulus
Nabila Safitri,Laki-laki,22,Belm Menikah,69,46,50,100,3.23,Lulus
"dr. Okto Maheswara, M.TI.",Perempuan,19,Menikh,55,74,73,78,2.28,Lulus
Laras Haryanti,Laki-laki,21,MENIKAH,42,80,46,46,2.3,Tidak
"R. Pranawa Jailani, M.Farm",Perempuan,26,single,79,73,70,62,2.2,Lulus
Kartika Pranowo,Laki-laki,22,B belum menikah,63,85,74,52,3.31,Lulus
Faizah Wulandari,Perempuan,30,menikah,42,43,59,52,3.07,Tidak
Dina Manullang,Laki-laki,21,menikah,41,44,72,42,3.47,Tidak
Hasim Puspasari,Laki-laki,21,menikah,89,59,56,85,2.65,Lulus
Hasim Halimah,Perempuan,28,menikah,45,74,56,61,2.92,Lulus
Diana Mangunsong,Laki-laki,24,Blm menikah,95,52,40,69,3.21,Lulus
Sarah Puspasari,Perempuan,26,Mnikah,46,47,45,95,4.0,Lulus
"Hendri Adriansyah, S.Sos",Laki-laki,19,B belum menikah,76,92,73,76,2.39,Lulus
"Puti Salimah Kusmawati, M.TI.",Perempuan,23,sudah menikah,46,50,47,62,2.15,Tidak
Raditya Yulianti,Laki-laki,25,Belm Menikah,72,65,41,69,3.54,Lulus
"drg. Raden Maryadi, M.Kom.",Perempuan,26,Menikh,91,70,86,59,3.13,Lulus
R. Nardi Hidayanto,Perempuan,19,BELUM MENIKAH,97,69,95,45,2.25,Lulus
Anastasia Prastuti,Perempuan,28,Blm menikah,42,81,65,65,3.09,Lulus
Nabila Namaga,Laki-laki,30,Belm Menikah,73,42,55,41,2.09,Tidak
Ulva Maheswara,Laki-laki,19,belum menikah,47,64,43,52,2.12,Tidak
Taufan Prasetyo,Laki-laki,30,single,94,49,92,47,3.74,Lulus
"Dr. Raharja Haryanti, M.TI.",Perempuan,30,Menikaah,71,85,56,69,2.94,Lulus
Widya Nasyiah,Laki-laki,29,menikah,58,75,65,89,3.63,Lulus
"R. Safina Ramadan, S.E.I",Perempuan,20,menikah,71,47,100,58,3.5,Lulus
Danuja Halimah,Laki-laki,21,Mnikah,85,68,84,87,2.93,Lulus
"Kani Pratiwi, S.Pd",Laki-laki,21,Blm menikah,80,73,77,76,2.8,Lulus
Bakiono Waluyo,Laki-laki,28,Menikh,84,82,93,53,3.54,Lulus
Mulyanto Namaga,Perempuan,26,Mnikah,44,63,48,42,3.36,Tidak
Puti Ophelia Pradipta,Perempuan,29,single,50,84,47,75,2.41,Lulus
Elon Januar,Laki-laki,25,belum menikah,56,92,65,64,2.5,Lulus
Nadia Laksita,Laki-laki,21,B belum menikah,95,60,50,41,3.1,Lulus
T. Daniswara Uyainah,Laki-laki,29,Blm menikah,49,68,92,96,3.5,Lulus
"Yuliana Palastri, S.H.",Laki-laki,30,MENIKAH,73,99,68,46,2.46,Lulus
Elma Siregar,Perempuan,28,Menikaah,40,40,79,94,3.84,Lulus
Danu Napitupulu,Laki-laki,24,Belm Menikah,44,60,52,90,2.78,Lulus
Harsana Suartini,Perempuan,29,menikah,49,84,70,91,3.54,Lulus
"Wani Zulaika, M.Farm",Laki-laki,22,Blm menikah,84,48,87,45,3.6,Lulus
KH. Makuta Hidayanto,Perempuan,27,BELUM MENIKAH,59,97,75,55,2.31,Lulus
R. Gading Wibowo,Laki-laki,21,Blm menikah,53,46,92,90,3.77,Lulus
"Raina Namaga, S.Farm",Laki-laki,30,belum menikah,69,40,82,55,3.53,Lulus
Jefri Permata,Laki-laki,25,single,49,92,67,83,3.29,Lulus
Yunita Tampubolon,Laki-laki,30,Blm menikah,58,41,91,53,2.76,Lulus
Rafi Wasita,Laki-laki,21,Mnikah,81,58,78,60,2.66,Lulus
Hamzah Rahayu,Perempuan,24,belum menikah,54,64,58,90,3.42,Lulus
Ciaobella Narpati,Laki-laki,26,belum menikah,93,96,86,86,3.73,Lulus
Mala Kurniawan,Perempuan,25,B belum menikah,97,92,65,51,3.83,Lulus
Anom Samosir,Perempuan,26,Menikh,43,75,74,41,2.34,Tidak
Ella Prasasta,Laki-laki,19,BELUM MENIKAH,81,77,40,91,2.05,Lulus
Mahmud Napitupulu,Laki-laki,28,belum menikah,42,99,69,46,2.62,Lulus
Ibrahim Manullang,Laki-laki,21,Blm menikah,82,75,63,73,3.49,Lulus
R.M. Kamal Pranowo,Perempuan,26,Mnikah,62,51,68,58,2.04,Tidak
Nadine Yulianti,Laki-laki,20,Menikaah,85,84,61,42,3.26,Lulus
Ir. Mala Pradipta,Laki-laki,26,Menikh,62,66,44,94,3.88,Lulus
Dr. Michelle Mahendra,Laki-laki,21,B belum menikah,85,71,96,99,2.79,Lulus
"Zamira Sinaga, S.Ked",Perempuan,27,Mnikah,76,92,80,79,2.66,Lulus
"Tgk. Agnes Maryadi, M.Ak",Perempuan,19,BELUM MENIKAH,79,64,63,91,3.3,Lulus
Cut Alika Permadi,Laki-laki,22,Menikh,81,83,67,79,3.61,Lulus
Baktiadi Najmudin,Perempuan,27,B belum menikah,79,79,40,92,3.85,Lulus
Jane Sitompul,Laki-laki,23,belum menikah,100,71,74,71,3.45,Lulus
Aris Tarihoran,Laki-laki,30,sudah menikah,42,87,44,84,2.55,Lulus
Darman Wastuti,Laki-laki,28,BELUM MENIKAH,87,71,97,84,3.0,Lulus
Kemba Marpaung,Perempuan,24,Menikaah,59,64,54,49,2.96,Lulus
Diana Prakasa,Laki-laki,22,B belum menikah,44,73,57,91,3.26,Lulus
Queen Sinaga,Laki-laki,21,sudah menikah,96,42,85,96,3.68,Lulus
R.A. Zahra Padmasari,Perempuan,29,Menikh,67,58,80,82,3.79,Lulus
Drs. Wani Utama,Laki-laki,29,BELUM MENIKAH,96,51,96,67,3.49,Lulus
Dr. Artawan Suryono,Laki-laki,26,Belm Menikah,49,49,52,49,3.21,Tidak
Reza Mayasari,Laki-laki,23,B belum menikah,72,81,66,88,2.93,Lulus
"Drs. Violet Suartini, M.M.",Laki-laki,29,Menikh,54,44,48,58,2.07,Tidak
Salsabila Prasasta,Laki-laki,19,belum menikah,92,72,73,82,2.37,Lulus
Bagiya Prastuti,Laki-laki,22,B belum menikah,43,95,65,74,3.29,Lulus
Tgk. Bella Habibi,Perempuan,26,Menikh,70,85,56,100,2.76,Lulus
Jayeng Agustina,Laki-laki,23,Mnikah,65,53,61,99,2.15,Lulus
"Sadina Dongoran, S.Pd",Laki-laki,23,BELUM MENIKAH,72,47,72,95,2.81,Lulus
Drs. Halima Lailasari,Perempuan,23,belum menikah,61,47,84,97,2.54,Lulus
"Galak Puspita, S.Pd",Perempuan,20,menikah,84,94,72,84,3.67,Lulus
Karen Hutapea,Laki-laki,21,BELUM MENIKAH,77,49,52,46,3.87,Lulus
Rafi Hassanah,Laki-laki,19,B belum menikah,60,91,75,47,3.07,Lulus
Vanya Sihotang,Laki-laki,19,single,84,64,63,51,2.87,Lulus
Jatmiko Adriansyah,Perempuan,20,Mnikah,97,91,100,54,3.08,Lulus
Bagya Hasanah,Perempuan,28,Blm menikah,77,89,78,89,2.35,Lulus
"Kayla Saptono, S.Farm",Perempuan,25,Menikaah,61,46,73,98,2.38,Lulus
Shania Setiawan,Perempuan,30,Blm menikah,89,90,88,78,3.92,Lulus
"T. Danang Saefullah, S.E.",Perempuan,19,MENIKAH,81,97,93,69,2.1,Lulus
Karen Kusumo,Perempuan,23,MENIKAH,87,84,67,88,2.54,Lulus
Titi Sitompul,Laki-laki,22,sudah menikah,89,45,40,83,3.04,Lulus
"Gaman Kusumo, S.E.I",Laki-laki,23,Menikaah,43,55,83,55,3.65,Lulus
Faizah Widiastuti,Laki-laki,19,BELUM MENIKAH,72,48,90,97,2.64,Lulus
"Ir. Purwadi Natsir, M.Farm",Perempuan,23,MENIKAH,77,86,91,91,2.17,Lulus
Humaira Sihotang,Perempuan,27,Blm menikah,100,49,74,56,3.22,Lulus
"Dina Marpaung, S.I.Kom",Perempuan,26,Belm Menikah,69,50,77,96,3.8,Lulus
R. Warji Widodo,Perempuan,27,sudah menikah,65,63,81,60,3.31,Lulus
Ir. Hartana Farida,Perempuan,29,belum menikah,95,68,97,50,3.6,Lulus
"KH. Sabar Prakasa, S.IP",Laki-laki,30,MENIKAH,67,86,63,68,2.26,Lulus
Zahra Prastuti,Laki-laki,28,Belm Menikah,45,79,56,60,3.65,Lulus
Zalindra Permadi,Laki-laki,25,Mnikah,52,98,89,44,3.42,Lulus
Ayu Gunawan,Perempuan,27,single,57,70,45,40,3.72,Lulus
Endra Thamrin,Perempuan,19,Mnikah,71,42,73,54,2.11,Tidak
Icha Usada,Laki-laki,27,menikah,96,67,67,57,3.25,Lulus
R.M. Mursita Utama,Perempuan,23,belum menikah,83,99,73,86,2.5,Lulus
"Asman Damanik, M.M.",Perempuan,20,B belum menikah,96,92,74,58,3.1,Lulus
"Candra Kuswoyo, S.H.",Laki-laki,25,menikah,55,100,77,57,3.41,Lulus
Prakosa Maulana,Laki-laki,21,Menikh,70,91,49,70,3.04,Lulus
Lidya Farida,Laki-laki,22,belum menikah,72,52,93,58,2.42,Lulus
Fitria Laksmiwati,Perempuan,20,Belm Menikah,78,70,46,52,3.93,Lulus
Paramita Sudiati,Laki-laki,27,BELUM MENIKAH,98,76,60,78,3.34,Lulus
"Paulin Prayoga, M.Kom.",Laki-laki,19,B belum menikah,60,61,90,43,3.94,Lulus
"KH. Kanda Anggriawan, M.Kom.",Laki-laki,22,single,43,91,67,41,3.72,Lulus
Prabowo Pertiwi,Perempuan,30,Menikaah,64,47,71,40,3.96,Lulus
"Dr. Karta Mangunsong, S.Psi",Laki-laki,28,menikah,60,68,74,84,2.21,Lulus
Wisnu Hakim,Laki-laki,26,sudah menikah,59,76,79,64,3.09,Lulus
Johan Tampubolon,Laki-laki,20,Blm menikah,91,97,47,94,3.34,Lulus
drg. Samsul Nugroho,Laki-laki,23,MENIKAH,85,77,59,76,2.94,Lulus
Devi Yulianti,Perempuan,21,belum menikah,50,79,46,90,2.12,Lulus
Maras Sitompul,Perempuan,19,belum menikah,100,42,94,59,2.48,Lulus
Dr. Rafid Prasetya,Laki-laki,26,Menikaah,84,50,64,65,2.24,Lulus
"Dt. Harja Safitri, M.Pd",Perempuan,20,belum menikah,76,97,69,89,3.76,Lulus
Fitria Suryatmi,Perempuan,30,Menikaah,81,88,100,72,2.97,Lulus
Dr. Rafid Yuliarti,Perempuan,26,Menikh,80,90,73,97,2.94,Lulus
Koko Tampubolon,Laki-laki,25,Menikaah,79,54,46,79,3.65,Lulus
Tami Sihombing,Laki-laki,29,B belum menikah,77,87,49,73,3.65,Lulus
Purwadi Sinaga,Perempuan,25,single,59,96,49,88,3.43,Lulus
Tira Widiastuti,Laki-laki,27,Belm Menikah,57,95,75,87,3.23,Lulus
"Lili Mahendra, S.Ked",Laki-laki,20,BELUM MENIKAH,91,65,68,85,2.39,Lulus
Jinawi Tamba,Laki-laki,28,Mnikah,63,87,45,70,3.19,Lulus
Luis Setiawan,Perempuan,26,single,87,63,99,55,2.74,Lulus
Emil Samosir,Perempuan,26,menikah,50,54,55,84,3.64,Lulus
dr. Citra Wibowo,Laki-laki,29,Mnikah,83,56,80,74,2.71,Lulus
Estiono Mayasari,Laki-laki,25,Menikaah,80,88,76,79,2.53,Lulus
Mutia Narpati,Laki-laki,19,sudah menikah,77,80,47,88,3.73,Lulus
Puti Elisa Agustina,Perempuan,27,menikah,66,84,67,98,2.77,Lulus
Aslijan Maulana,Perempuan,21,Mnikah,75,89,60,80,2.72,Lulus
Zulaikha Napitupulu,Perempuan,24,sudah menikah,69,67,40,61,3.34,Lulus
Virman Nasyiah,Perempuan,20,Mnikah,94,89,71,55,3.91,Lulus
"Dr. Yusuf Narpati, S.Kom",Perempuan,30,Mnikah,52,61,71,67,2.07,Lulus
"Ir. Olga Winarno, M.M.",Perempuan,29,Menikh,75,66,97,73,2.0,Lulus
"Dt. Nalar Widiastuti, S.H.",Laki-laki,19,sudah menikah,62,81,78,79,2.11,Lulus
Elon Gunarto,Perempuan,27,Menikaah,78,57,53,96,2.58,Lulus
Drs. Mahesa Pertiwi,Laki-laki,28,BELUM MENIKAH,46,87,56,73,2.95,Lulus
Maida Nababan,Perempuan,30,Belm Menikah,98,46,63,100,3.85,Lulus
Dr. Fitriani Saputra,Laki-laki,20,B belum menikah,42,96,53,68,3.94,Lulus
Erik Tamba,Perempuan,30,MENIKAH,98,89,94,51,3.87,Lulus
"Artanto Pangestu, S.Kom",Laki-laki,30,sudah menikah,45,100,78,92,3.29,Lulus
Cayadi Wibowo,Perempuan,20,Mnikah,40,54,47,56,3.64,Tidak
"Ir. Heryanto Prabowo, S.Ked",Laki-laki,24,Menikh,68,77,59,77,3.24,Lulus
Queen Usamah,Laki-laki,22,Belm Menikah,60,96,68,54,3.48,Lulus
Rachel Budiman,Perempuan,24,Mnikah,93,63,83,61,3.83,Lulus
Cengkal Mayasari,Perempuan,21,B belum menikah,89,41,60,72,3.86,Lulus
Sutan Jagaraga Rajata,Perempuan,27,Menikaah,72,98,46,64,3.16,Lulus
Cahyanto Melani,Laki-laki,20,BELUM MENIKAH,52,42,71,65,2.73,Tidak
Zulfa Haryanti,Laki-laki,29,single,54,63,74,54,2.02,Tidak
"Elisa Damanik, M.Ak",Perempuan,21,MENIKAH,95,63,43,72,3.01,Lulus
Jais Yuliarti,Perempuan,28,belum menikah,98,43,44,41,2.98,Lulus
Talia Safitri,Perempuan,21,MENIKAH,42,82,50,68,2.8,Lulus
"Sutan Gaiman Saptono, S.Pt",Laki-laki,26,sudah menikah,84,60,88,61,2.07,Lulus
"drg. Ani Mustofa, S.Kom",Perempuan,25,Menikaah,79,65,43,77,3.08,Lulus
Jaswadi Anggraini,Perempuan,22,B belum menikah,89,86,73,78,3.51,Lulus
Rahman Napitupulu,Perempuan,27,Mnikah,73,78,47,71,2.41,Lulus
"R.M. Harimurti Mulyani, S.Pd",Perempuan,29,MENIKAH,94,81,65,99,3.5,Lulus
"Oliva Hutasoit, S.Ked",Laki-laki,29,Menikh,43,47,61,80,3.71,Lulus
Widya Tampubolon,Laki-laki,23,BELUM MENIKAH,78,41,47,58,2.22,Tidak
Puti Belinda Marbun,Perempuan,22,B belum menikah,45,75,57,74,3.09,Lulus
Wakiman Kurniawan,Perempuan,28,Belm Menikah,75,43,86,79,3.43,Lulus
Kemba Maheswara,Laki-laki,20,Belm Menikah,59,75,62,83,3.91,Lulus
"Dina Zulkarnain, M.TI.",Perempuan,27,MENIKAH,87,71,47,82,3.13,Lulus
Luthfi Kuswoyo,Perempuan,23,sudah menikah,88,87,96,86,3.81,Lulus
Nalar Situmorang,Laki-laki,24,single,90,89,48,88,2.81,Lulus
"Zelaya Sihombing, S.Pd",Perempuan,26,Menikaah,97,62,57,96,2.46,Lulus
"Puti Vanesa Haryanti, S.Psi",Perempuan,25,single,63,60,80,43,3.93,Lulus
Okta Usada,Perempuan,26,Menikaah,62,81,78,78,2.58,Lulus
"H. Darmaji Adriansyah, M.Farm",Laki-laki,27,BELUM MENIKAH,66,92,54,69,2.66,Lulus
Alambana Yulianti,Perempuan,26,BELUM MENIKAH,60,41,54,88,2.77,Lulus
"Zizi Laksita, M.Kom.",Perempuan,21,belum menikah,75,62,60,66,2.81,Lulus
Sadina Wijaya,Perempuan,25,BELUM MENIKAH,58,91,96,63,3.07,Lulus
Azalea Mandasari,Perempuan,22,belum menikah,75,62,50,90,2.19,Lulus
"Dr. Jasmin Lailasari, M.Ak",Perempuan,29,BELUM MENIKAH,59,73,66,70,2.25,Lulus
Cut Gilda Rajasa,Laki-laki,21,belum menikah,46,47,66,41,3.81,Tidak
"Febi Marbun, S.Farm",Laki-laki,19,single,82,64,95,76,3.21,Lulus
Dagel Prasetyo,Laki-laki,30,Menikh,98,75,98,84,2.9,Lulus
Malika Dongoran,Perempuan,23,Mnikah,57,40,65,56,2.39,Tidak
"Puti Titin Kuswandari, S.T.",Laki-laki,26,single,62,47,40,80,2.71,Tidak
"Sakti Nasyiah, M.M.",Laki-laki,24,BELUM MENIKAH,49,75,74,45,3.83,Lulus
Usman Hidayat,Perempuan,28,Menikaah,81,45,41,68,2.9,Lulus
"Sutan Imam Widodo, S.Pd",Laki-laki,26,sudah menikah,76,84,98,59,2.01,Lulus
"Aditya Napitupulu, S.E.",Laki-laki,30,MENIKAH,49,75,52,62,3.88,Lulus
R.A. Uchita Nasyiah,Laki-laki,22,single,45,51,83,59,3.06,Lulus
Ghaliyati Suryono,Laki-laki,19,BELUM MENIKAH,80,84,45,90,3.68,Lulus
Cut Julia Zulkarnain,Laki-laki,27,Blm menikah,65,49,77,98,3.48,Lulus
Johan Salahudin,Perempuan,28,sudah menikah,49,62,74,79,3.73,Lulus
Lutfan Puspasari,Laki-laki,24,single,49,87,75,99,2.19,Lulus
Garang Tamba,Laki-laki,29,Menikh,78,44,74,63,2.67,Lulus
Titin Safitri,Perempuan,21,BELUM MENIKAH,76,40,52,44,3.7,Lulus
"Puti Septi Irawan, S.Farm",Perempuan,19,Menikh,61,51,71,80,2.5,Lulus
Laila Hutasoit,Perempuan,28,single,52,84,86,66,2.94,Lulus
Halima Dongoran,Perempuan,23,sudah menikah,69,76,45,51,3.98,Lulus
drg. Lintang Hakim,Perempuan,23,menikah,52,42,87,63,4.0,Lulus
Ibun Maryadi,Perempuan,27,BELUM MENIKAH,75,91,94,85,3.89,Lulus
Nasim Situmorang,Perempuan,22,Menikh,57,45,100,83,3.38,Lulus
Rahmat Palastri,Laki-laki,19,MENIKAH,71,56,47,41,2.06,Tidak
"Drs. Devi Firmansyah, S.Ked",Laki-laki,20,Mnikah,62,53,89,65,2.67,Lulus
Dalima Zulkarnain,Laki-laki,30,Mnikah,85,65,78,81,3.43,Lulus
Gawati Farida,Laki-laki,27,Mnikah,88,96,92,83,2.88,Lulus
Zalindra Hassanah,Laki-laki,25,Menikh,98,41,63,70,2.48,Lulus
drg. Aurora Pangestu,Perempuan,24,Menikh,82,72,73,75,2.13,Lulus
"Ir. Prayoga Yolanda, S.Farm",Perempuan,20,Menikaah,55,54,70,65,2.53,Lulus
Hardana Habibi,Laki-laki,26,Mnikah,52,85,73,74,3.85,Lulus
Uli Saragih,Laki-laki,28,MENIKAH,79,93,87,92,3.64,Lulus
Pia Suryatmi,Perempuan,23,MENIKAH,83,99,59,40,2.68,Lulus
drg. Julia Zulkarnain,Laki-laki,23,belum menikah,51,56,81,57,2.83,Lulus
"Dt. Hartana Sudiati, M.Pd",Laki-laki,29,Mnikah,43,80,77,43,3.61,Lulus
Sakura Narpati,Laki-laki,19,Menikaah,82,41,41,97,2.49,Lulus
Jefri Hassanah,Laki-laki,22,Mnikah,42,62,93,97,3.39,Lulus
Jessica Latupono,Perempuan,28,Menikh,46,84,97,85,3.36,Lulus
Nurul Agustina,Laki-laki,24,MENIKAH,90,50,91,93,3.44,Lulus
"Yance Pudjiastuti, M.Pd",Laki-laki,23,B belum menikah,72,57,59,95,3.0,Lulus
"Gandewa Wastuti, M.Kom.",Laki-laki,26,single,92,97,94,99,3.09,Lulus
Raina Sihombing,Perempuan,28,belum menikah,96,58,57,95,2.53,Lulus
"dr. Usman Rajata, S.H.",Laki-laki,27,menikah,67,98,62,51,2.41,Lulus
Drs. Mulyono Laksmiwati,Perempuan,19,belum menikah,51,99,98,94,3.82,Lulus
Gabriella Prastuti,Laki-laki,20,B belum menikah,83,41,65,74,3.83,Lulus
Drajat Rahmawati,Perempuan,22,Belm Menikah,87,83,68,41,2.35,Lulus
"R.M. Adika Mandasari, S.E.I",Perempuan,24,menikah,88,70,48,83,2.05,Lulus
Karja Prayoga,Perempuan,25,BELUM MENIKAH,83,40,84,68,2.76,Lulus
Sakti Ramadan,Perempuan,27,sudah menikah,48,67,84,42,3.07,Lulus
Darimin Prabowo,Perempuan,20,Mnikah,68,65,45,84,2.75,Lulus
"Dr. Kani Sihombing, S.Gz",Laki-laki,30,menikah,79,46,53,84,3.49,Lulus
Ade Suryono,Laki-laki,20,Menikh,50,100,89,79,2.24,Lulus
Tgk. Maryanto Napitupulu,Laki-laki,23,BELUM MENIKAH,86,63,75,91,2.09,Lulus
Sari Pratiwi,Perempuan,21,BELUM MENIKAH,41,64,76,50,3.98,Lulus
Eva Manullang,Laki-laki,24,MENIKAH,81,66,46,65,3.5,Lulus
Sakura Rajata,Perempuan,30,Mnikah,86,65,74,50,2.42,Lulus
"R. Kajen Usada, M.Ak",Perempuan,24,single,72,79,62,63,2.56,Lulus
Cakrabuana Zulaika,Perempuan,21,single,67,79,84,40,2.2,Lulus
R. Raharja Widiastuti,Laki-laki,30,Menikaah,100,85,75,41,3.6,Lulus
"Hani Haryanti, M.Ak",Laki-laki,20,Mnikah,56,65,45,73,3.25,Lulus
Abyasa Budiyanto,Perempuan,22,sudah menikah,52,47,55,52,3.59,Tidak
Ella Riyanti,Laki-laki,21,BELUM MENIKAH,55,56,94,96,2.56,Lulus
"Drs. Ajeng Iswahyudi, M.Farm",Laki-laki,26,Mnikah,66,55,43,73,2.63,Lulus
Ami Mayasari,Laki-laki,30,single,75,89,94,52,3.69,Lulus
Farhunnisa Hasanah,Perempuan,30,sudah menikah,92,80,70,76,2.62,Lulus
drg. Erik Agustina,Perempuan,28,Menikh,52,54,44,79,3.76,Lulus
Ridwan Natsir,Laki-laki,28,BELUM MENIKAH,92,57,69,82,2.16,Lulus
Utama Pudjiastuti,Laki-laki,29,sudah menikah,71,78,93,53,2.76,Lulus
"Zaenab Najmudin, M.M.",Laki-laki,19,belum menikah,40,88,52,98,3.56,Lulus
"Estiawan Saptono, S.Kom",Laki-laki,25,Blm menikah,43,83,93,100,3.92,Lulus
Najwa Hariyah,Laki-laki,30,Menikh,46,49,61,73,3.21,Lulus
"R. Umaya Mustofa, S.Psi",Laki-laki,20,menikah,90,87,59,75,2.18,Lulus
Ayu Lazuardi,Laki-laki,26,belum menikah,77,55,44,90,3.72,Lulus
"Tgk. Labuh Maryadi, S.H.",Laki-laki,24,Menikaah,58,66,59,66,3.3,Lulus
Sabar Suwarno,Perempuan,25,Blm menikah,78,49,75,70,2.52,Lulus
"T. Jamal Pranowo, S.Gz",Perempuan,28,BELUM MENIKAH,94,86,85,60,3.92,Lulus
Puji Rahayu,Laki-laki,29,Menikh,47,87,51,55,3.06,Lulus
Karta Prasetya,Laki-laki,30,Blm menikah,92,68,58,100,2.62,Lulus
"Dr. Faizah Marpaung, M.Farm",Perempuan,26,Blm menikah,78,85,63,85,2.64,Lulus
Artawan Hardiansyah,Laki-laki,27,belum menikah,64,53,91,51,2.89,Lulus
Ridwan Dongoran,Perempuan,21,menikah,52,90,69,67,2.75,Lulus
Natalia Halim,Laki-laki,27,Belm Menikah,51,69,46,81,3.54,Lulus
Darmanto Siregar,Laki-laki,22,Menikh,100,45,64,43,2.37,Lulus
Sarah Latupono,Laki-laki,23,belum menikah,59,69,59,46,3.36,Lulus
"R. Lurhur Widiastuti, M.M.",Perempuan,24,Belm Menikah,83,67,99,87,2.95,Lulus
Tri Thamrin,Laki-laki,27,Belm Menikah,44,75,47,74,2.25,Tidak
Anom Sihotang,Laki-laki,19,Menikaah,67,90,78,71,2.97,Lulus
drg. Praba Handayani,Perempuan,20,Blm menikah,79,51,70,51,3.49,Lulus
Raisa Budiyanto,Perempuan,28,sudah menikah,98,44,80,75,2.45,Lulus
Digdaya Prakasa,Laki-laki,20,menikah,96,87,51,73,3.98,Lulus
"Cinta Yulianti, S.Gz",Laki-laki,20,belum menikah,90,92,92,60,3.07,Lulus
Yani Ardianto,Perempuan,22,Belm Menikah,69,99,63,91,3.45,Lulus
Dodo Mandasari,Perempuan,28,single,65,84,56,71,3.33,Lulus
"Tgk. Hani Sitompul, S.T.",Laki-laki,23,MENIKAH,53,73,46,53,2.2,Tidak
Ian Laksmiwati,Laki-laki,29,B belum menikah,71,72,52,49,3.49,Lulus
Rizki Prasetya,Laki-laki,24,Menikh,72,50,87,64,2.63,Lulus
"Dr. Cakrabirawa Santoso, S.Kom",Laki-laki,28,B belum menikah,75,54,79,43,2.72,Lulus
"Ajimin Hariyah, S.Psi",Perempuan,24,Blm menikah,100,43,44,58,3.09,Lulus
Surya Yuliarti,Laki-laki,27,single,47,73,58,92,3.63,Lulus
Tiara Irawan,Perempuan,27,single,63,56,72,63,3.42,Lulus
Ika Novitasari,Perempuan,21,sudah menikah,72,63,48,84,2.76,Lulus
"Teguh Najmudin, S.Kom",Laki-laki,24,belum menikah,52,94,49,65,3.92,Lulus
Darsirah Widiastuti,Laki-laki,28,MENIKAH,70,52,69,70,3.22,Lulus
Cahyono Kusmawati,Laki-laki,25,B belum menikah,50,98,89,79,2.45,Lulus
Artanto Marpaung,Laki-laki,19,Belm Menikah,45,90,91,89,2.53,Lulus
"Johan Maryati, M.Kom.",Perempuan,21,single,50,60,62,100,2.95,Lulus
Mumpuni Lestari,Perempuan,23,Menikaah,99,94,71,71,3.39,Lulus
Warta Suartini,Laki-laki,24,menikah,48,47,85,70,2.28,Lulus
Farhunnisa Adriansyah,Perempuan,26,single,91,70,52,69,3.88,Lulus
"Kania Laksmiwati, S.Sos",Perempuan,28,belum menikah,52,62,73,81,2.61,Lulus
Labuh Widiastuti,Perempuan,28,Belm Menikah,89,62,91,74,3.88,Lulus
"dr. Cindy Rajasa, S.Pt",Laki-laki,19,Mnikah,78,71,68,87,3.89,Lulus
"Enteng Handayani, S.IP",Perempuan,26,belum menikah,43,87,46,100,2.08,Lulus
dr. Kartika Palastri,Perempuan,30,Menikaah,66,90,68,41,3.17,Lulus
"Ismail Zulaika, S.I.Kom",Laki-laki,26,Menikaah,76,79,81,80,2.52,Lulus
"Irwan Yulianti, M.TI.",Laki-laki,20,B belum menikah,68,84,70,61,2.18,Lulus
"R. Artawan Maryadi, S.IP",Perempuan,20,menikah,93,69,97,84,3.97,Lulus
Septi Saragih,Laki-laki,29,Blm menikah,43,83,55,66,3.23,Lulus
Dr. Tami Hidayanto,Perempuan,24,Menikaah,86,78,41,82,2.44,Lulus
Ifa Putra,Laki-laki,22,single,61,50,55,42,2.24,Tidak
Ajiono Hutasoit,Perempuan,22,sudah menikah,68,100,51,48,2.98,Lulus
"dr. Alika Lestari, S.H.",Laki-laki,27,menikah,52,87,45,90,3.83,Lulus
"Iriana Budiyanto, S.Sos",Perempuan,28,Belm Menikah,48,75,100,67,2.23,Lulus
dr. Halima Padmasari,Perempuan,20,Mnikah,97,76,40,92,3.01,Lulus
Oskar Nababan,Laki-laki,21,Mnikah,88,58,77,51,2.65,Lulus
Rachel Firmansyah,Laki-laki,22,single,42,94,97,55,2.09,Lulus
Dagel Pratama,Laki-laki,24,B belum menikah,90,70,64,92,2.51,Lulus
Aisyah Winarno,Laki-laki,25,MENIKAH,72,80,80,71,3.56,Lulus
Cut Paris Waskita,Laki-laki,19,BELUM MENIKAH,44,44,77,89,2.51,Lulus
Darsirah Laksmiwati,Laki-laki,19,Mnikah,71,52,41,77,3.45,Lulus
Cakrabirawa Purnawati,Perempuan,30,B belum menikah,50,77,44,89,2.74,Lulus
Belinda Lestari,Laki-laki,26,Blm menikah,70,84,96,90,3.68,Lulus
R.M. Jamil Wijaya,Laki-laki,24,B belum menikah,94,64,83,95,2.47,Lulus
Tania Firmansyah,Laki-laki,27,belum menikah,95,74,86,67,3.32,Lulus
Hari Maryadi,Perempuan,27,Mnikah,50,53,45,82,3.37,Lulus
"Dr. Rina Budiyanto, S.Pd",Laki-laki,26,Mnikah,93,41,40,78,2.66,Lulus
Olivia Permata,Laki-laki,23,B belum menikah,59,87,60,45,3.88,Lulus
"Dr. Jaiman Budiman, M.Kom.",Laki-laki,27,Menikaah,57,83,90,84,3.74,Lulus
Mulya Gunarto,Perempuan,19,belum menikah,92,83,57,91,3.41,Lulus
"R.A. Siska Yulianti, S.I.Kom",Perempuan,22,belum menikah,60,49,69,75,2.16,Lulus
Cut Rahayu Andriani,Perempuan,24,single,88,78,59,99,3.48,Lulus
"Balapati Usamah, S.Sos",Laki-laki,22,Menikh,91,97,59,57,2.97,Lulus
Dalimin Laksita,Laki-laki,23,Mnikah,73,71,44,54,2.88,Lulus
Gamanto Prasetyo,Laki-laki,19,MENIKAH,93,69,94,85,2.73,Lulus
Baktiono Tampubolon,Laki-laki,26,sudah menikah,54,69,99,83,2.08,Lulus
"Ulya Sihombing, S.Pt",Laki-laki,22,MENIKAH,77,73,80,45,2.83,Lulus
Adhiarja Prastuti,Laki-laki,25,MENIKAH,56,41,84,62,3.17,Lulus
Ir. Kamaria Hassanah,Perempuan,20,B belum menikah,71,46,52,72,2.74,Lulus
"Dr. Zelda Lestari, S.Psi",Perempuan,27,menikah,76,84,49,96,3.1,Lulus
Dt. Rama Iswahyudi,Perempuan,20,Mnikah,61,44,49,67,2.41,Tidak
Viktor Gunarto,Laki-laki,21,Belm Menikah,75,88,51,84,3.32,Lulus
"Jaga Damanik, S.IP",Perempuan,29,Menikaah,70,60,62,72,3.62,Lulus
"Rafi Safitri, M.TI.",Laki-laki,22,MENIKAH,43,90,78,84,3.75,Lulus
Salimah Najmudin,Perempuan,19,Belm Menikah,58,87,59,84,2.14,Lulus
Ir. Dina Ardianto,Laki-laki,20,Blm menikah,96,59,78,42,2.91,Lulus
R. Prabowo Mustofa,Laki-laki,30,sudah menikah,89,87,41,46,3.27,Lulus
Dt. Balangga Kusmawati,Perempuan,19,Menikh,99,48,85,84,3.93,Lulus
R.A. Vanesa Susanti,Laki-laki,30,menikah,55,81,98,82,3.84,Lulus
"dr. Caturangga Zulkarnain, S.Ked",Laki-laki,21,Belm Menikah,77,63,100,74,2.49,Lulus
"Kamidin Namaga, S.Pd",Laki-laki,29,menikah,91,79,68,100,2.39,Lulus
"Karimah Wahyuni, M.Farm",Perempuan,29,MENIKAH,92,86,84,96,3.88,Lulus
"Latika Purwanti, S.Sos",Perempuan,29,Belm Menikah,98,42,53,100,2.58,Lulus
Lintang Hartati,Perempuan,27,Menikh,70,86,69,88,2.26,Lulus
Salwa Uwais,Laki-laki,24,Mnikah,60,55,71,54,3.07,Lulus
"Yance Mulyani, M.M.",Laki-laki,28,B belum menikah,74,77,90,43,3.0,Lulus
Ida Wijaya,Perempuan,20,Blm menikah,87,52,56,95,2.87,Lulus
Prayogo Dongoran,Laki-laki,21,BELUM MENIKAH,62,52,87,43,3.67,Lulus
"Jasmin Nurdiyanti, M.Pd",Perempuan,20,BELUM MENIKAH,79,54,80,70,2.13,Lulus
"Drs. Garan Hartati, S.Pd",Perempuan,30,BELUM MENIKAH,77,66,100,69,3.84,Lulus
Cakrawala Suryono,Perempuan,28,belum menikah,60,58,61,85,2.67,Lulus
drg. Mala Puspasari,Perempuan,26,Mnikah,84,95,40,82,2.03,Lulus
Alika Simbolon,Laki-laki,23,Mnikah,41,100,51,72,2.71,Lulus
Diana Mahendra,Perempuan,30,BELUM MENIKAH,64,94,49,68,2.23,Lulus
Teddy Agustina,Perempuan,29,Blm menikah,85,87,56,97,2.6,Lulus
Tirtayasa Agustina,Perempuan,22,menikah,87,98,86,43,2.66,Lulus
Cut Elvina Usamah,Perempuan,24,Menikh,44,88,78,53,3.06,Lulus
Hasta Sihombing,Perempuan,29,single,82,85,43,84,2.75,Lulus
Irnanto Hutagalung,Laki-laki,29,menikah,42,70,81,86,3.25,Lulus
Dr. Sakti Prabowo,Laki-laki,27,MENIKAH,88,74,84,74,3.81,Lulus
"Dr. Ian Iswahyudi, S.Gz",Laki-laki,21,belum menikah,70,91,65,58,2.24,Lulus
Zahra Rajasa,Laki-laki,22,Belm Menikah,64,95,49,42,3.87,Lulus
Chelsea Padmasari,Laki-laki,21,Menikaah,87,90,55,93,2.53,Lulus
Maria Farida,Perempuan,27,menikah,99,56,51,55,3.54,Lulus
"Kurnia Mardhiyah, S.Sos",Laki-laki,27,belum menikah,75,96,46,47,3.0,Lulus
"Dt. Atmaja Salahudin, S.Pt",Laki-laki,22,Mnikah,85,41,74,69,2.91,Lulus
Agnes Lailasari,Laki-laki,27,Blm menikah,61,70,89,47,2.9,Lulus
Nrima Suwarno,Perempuan,23,menikah,59,62,63,72,2.85,Lulus
Dr. Tina Maryati,Laki-laki,24,BELUM MENIKAH,47,87,79,97,2.17,Lulus
Tgk. Kasim Sihombing,Perempuan,19,Blm menikah,77,77,65,73,2.58,Lulus
"Tina Halimah, S.Pd",Perempuan,24,BELUM MENIKAH,45,81,44,56,3.59,Lulus
Titi Wulandari,Perempuan,27,single,87,78,61,70,3.37,Lulus
"Ir. Ulya Prayoga, S.Pd",Laki-laki,20,menikah,73,49,62,83,2.15,Lulus
Jamal Suryono,Laki-laki,20,menikah,41,43,44,64,2.05,Tidak
Ifa Budiman,Laki-laki,28,B belum menikah,70,89,93,85,3.29,Lulus
"drg. Ibrani Permata, S.E.I",Perempuan,30,Menikaah,52,93,44,93,2.55,Lulus
Padmi Andriani,Laki-laki,27,Menikaah,88,50,64,54,3.55,Lulus
Bahuwirya Zulaika,Laki-laki,29,Menikh,69,52,41,68,3.7,Lulus
"Dodo Rahimah, S.I.Kom",Laki-laki,19,menikah,48,60,85,62,3.94,Lulus
Baktiono Kuswoyo,Laki-laki,29,single,94,62,65,83,3.12,Lulus
Amalia Thamrin,Perempuan,19,single,99,50,84,75,2.59,Lulus
"Siska Hassanah, S.T.",Laki-laki,21,Menikaah,62,62,68,43,3.19,Lulus
"Tgk. Diah Anggraini, S.Pt",Laki-laki,21,Menikaah,67,97,69,48,3.45,Lulus
"R. Mustika Sudiati, S.Kom",Laki-laki,21,Menikh,65,49,75,53,2.56,Lulus
Ratna Rahayu,Laki-laki,25,Menikh,40,99,73,92,2.89,Lulus
Arsipatra Yuniar,Laki-laki,26,BELUM MENIKAH,75,73,84,63,3.42,Lulus
Nurul Hidayat,Laki-laki,22,B belum menikah,44,76,66,46,3.34,Lulus
Faizah Rahayu,Laki-laki,26,sudah menikah,47,96,91,63,3.36,Lulus
"Cici Palastri, S.Psi",Perempuan,26,single,82,45,92,58,2.28,Lulus
Purwa Sudiati,Laki-laki,21,Blm menikah,48,69,51,83,3.28,Lulus
"Bajragin Siregar, S.E.I",Perempuan,20,Menikaah,60,88,55,98,3.86,Lulus
Samiah Halimah,Laki-laki,27,menikah,42,48,92,99,3.59,Lulus
"Drs. Eli Santoso, S.Pt",Perempuan,29,single,66,90,71,62,3.32,Lulus
"drg. Karen Mahendra, S.I.Kom",Perempuan,25,sudah menikah,80,71,81,91,2.43,Lulus
Radika Anggraini,Laki-laki,27,single,40,85,67,64,3.49,Lulus
Novi Namaga,Laki-laki,21,Menikh,80,87,57,84,2.54,Lulus
Jasmin Firmansyah,Perempuan,29,Menikh,72,94,62,43,2.22,Lulus
Cagak Hidayanto,Laki-laki,28,single,46,56,97,87,2.49,Lulus
"Drs. Febi Rajata, S.Sos",Perempuan,27,Menikaah,95,69,61,78,3.24,Lulus
"Dr. Paiman Permadi, S.Farm",Perempuan,21,menikah,70,80,41,58,3.69,Lulus
Cawuk Winarsih,Perempuan,22,Blm menikah,41,83,95,67,3.2,Lulus
Uda Rajasa,Laki-laki,27,menikah,72,86,48,89,2.83,Lulus
"Ir. Kiandra Nashiruddin, S.Sos",Perempuan,26,Menikaah,98,42,97,100,3.97,Lulus
"Warsa Prabowo, S.E.",Laki-laki,21,MENIKAH,73,61,83,88,2.22,Lulus
Harjasa Astuti,Perempuan,23,Blm menikah,45,67,71,80,2.4,Lulus
Gawati Waskita,Perempuan,29,MENIKAH,61,46,82,99,2.62,Lulus
Kayla Ardianto,Laki-laki,30,B belum menikah,58,55,88,57,3.93,Lulus
"Sutan Cakrawala Prabowo, S.Psi",Perempuan,26,B belum menikah,79,68,59,53,2.7,Lulus
"Tgk. Pangestu Kusmawati, S.Gz",Laki-laki,20,Belm Menikah,40,48,63,99,3.23,Lulus
"Puti Ina Ramadan, S.H.",Perempuan,21,Blm menikah,94,56,70,65,2.42,Lulus
"dr. Raden Tampubolon, S.Sos",Perempuan,20,single,48,40,84,95,2.31,Lulus
"Dr. Kariman Lailasari, S.E.I",Perempuan,23,Menikaah,61,61,62,63,2.34,Lulus
Gangsa Thamrin,Laki-laki,19,Blm menikah,68,47,48,70,2.49,Tidak
"Cut Anastasia Usada, S.Gz",Laki-laki,27,MENIKAH,77,51,65,84,3.51,Lulus
R. Kalim Halim,Laki-laki,23,B belum menikah,73,47,98,48,2.19,Lulus
Cut Suci Suartini,Perempuan,29,sudah menikah,57,58,45,99,3.27,Lulus
Mitra Suryono,Perempuan,20,Belm Menikah,90,99,73,66,3.86,Lulus
Qori Maulana,Perempuan,26,single,66,70,92,79,2.62,Lulus
Daryani Winarno,Laki-laki,20,B belum menikah,90,76,63,64,2.68,Lulus
Dt. Purwa Rahayu,Perempuan,23,Belm Menikah,80,76,50,81,3.44,Lulus
"dr. Prayitna Setiawan, M.TI.",Laki-laki,27,Blm menikah,57,48,93,100,2.7,Lulus
Violet Nababan,Perempuan,19,BELUM MENIKAH,72,92,92,85,2.06,Lulus
Dewi Wacana,Perempuan,21,Blm menikah,81,53,65,64,3.4,Lulus
Manah Pradana,Laki-laki,28,Menikaah,69,40,71,92,2.81,Lulus
"Faizah Zulaika, S.Sos",Perempuan,24,Blm menikah,98,82,62,92,2.97,Lulus
Hana Samosir,Laki-laki,19,Mnikah,44,42,66,56,2.85,Tidak
Tgk. Asmuni Nababan,Laki-laki,20,Mnikah,69,87,60,53,3.47,Lulus
Tiara Puspasari,Laki-laki,20,BELUM MENIKAH,76,84,83,80,2.52,Lulus
"Samiah Usamah, M.M.",Laki-laki,24,B belum menikah,66,65,78,57,2.04,Lulus
Banawi Iswahyudi,Perempuan,27,Menikh,81,45,78,43,3.36,Lulus
Farah Mangunsong,Laki-laki,23,Mnikah,50,70,82,81,2.96,Lulus
Sakura Wahyudin,Laki-laki,30,Blm menikah,72,68,73,44,2.11,Lulus
Silvia Budiyanto,Laki-laki,24,single,46,45,59,93,3.41,Lulus
"Puti Sakura Lazuardi, M.TI.",Perempuan,26,MENIKAH,69,63,45,57,2.42,Tidak
Bella Suryatmi,Perempuan,20,menikah,84,70,64,54,2.97,Lulus
Clara Nainggolan,Laki-laki,21,Belm Menikah,71,43,86,62,3.37,Lulus
Nugraha Wibisono,Laki-laki,21,MENIKAH,65,84,46,80,2.02,Lulus
Tgk. Paramita Nuraini,Laki-laki,19,MENIKAH,91,87,81,96,3.49,Lulus
Putri Nainggolan,Perempuan,29,Menikaah,86,98,43,93,2.67,Lulus
Drs. Legawa Saefullah,Perempuan,25,MENIKAH,56,63,79,100,2.13,Lulus
Kuncara Wahyuni,Perempuan,29,menikah,58,85,48,95,3.82,Lulus
"Puji Sihombing, S.E.I",Perempuan,20,Mnikah,82,87,74,87,2.84,Lulus
Rika Maryadi,Perempuan,29,Menikaah,83,96,40,76,3.06,Lulus
dr. Chelsea Waluyo,Perempuan,26,Belm Menikah,79,90,54,41,3.82,Lulus
Gamani Napitupulu,Perempuan,24,Mnikah,98,60,68,73,2.37,Lulus
"R.A. Qori Nababan, S.I.Kom",Laki-laki,29,single,41,80,96,48,2.57,Lulus
Kamaria Puspita,Perempuan,30,Belm Menikah,40,53,81,84,2.26,Lulus
Tgk. Candra Uyainah,Perempuan,23,Mnikah,47,83,64,44,2.21,Tidak
"Dr. Oliva Wulandari, S.H.",Laki-laki,29,B belum menikah,94,45,81,95,3.96,Lulus
Sari Hasanah,Laki-laki,19,belum menikah,43,94,70,76,3.48,Lulus
"Ir. Zizi Puspita, S.E.I",Laki-laki,22,Mnikah,79,72,71,100,2.89,Lulus
"Maida Lailasari, S.Pt",Laki-laki,28,Menikh,81,44,42,62,3.76,Lulus
Puti Puspita,Perempuan,23,belum menikah,53,43,76,42,3.81,Lulus
"Dr. Prabawa Firgantoro, S.Pt",Laki-laki,23,Mnikah,43,74,77,68,3.41,Lulus
Caket Farida,Perempuan,21,Menikh,75,70,40,95,3.51,Lulus
"Dr. Wakiman Nainggolan, M.Farm",Perempuan,19,single,56,41,55,88,3.23,Lulus
Drs. Langgeng Putra,Perempuan,25,B belum menikah,96,94,94,93,2.08,Lulus
"Jessica Zulkarnain, M.TI.",Perempuan,26,sudah menikah,45,79,86,48,3.47,Lulus
Genta Manullang,Perempuan,23,Blm menikah,55,70,92,85,2.57,Lulus
Elvina Wastuti,Perempuan,22,single,67,80,98,76,3.66,Lulus
"R.A. Tami Marbun, S.Psi",Perempuan,25,sudah menikah,75,49,92,53,2.05,Lulus
Wani Kuswoyo,Laki-laki,22,single,58,79,91,72,3.92,Lulus
Viman Adriansyah,Perempuan,29,menikah,70,86,71,88,3.23,Lulus
drg. Diana Megantara,Laki-laki,20,B belum menikah,80,55,73,79,2.07,Lulus
Lala Megantara,Perempuan,29,Menikh,75,52,63,99,3.74,Lulus
Danu Maheswara,Laki-laki,27,Blm menikah,40,78,59,43,2.98,Tidak
Mulya Padmasari,Perempuan,22,Mnikah,48,53,93,94,2.62,Lulus
Nadia Samosir,Laki-laki,23,single,66,40,78,73,2.17,Lulus
Mitra Hidayanto,Perempuan,30,Belm Menikah,69,72,52,51,3.78,Lulus
"Luthfi Agustina, S.IP",Perempuan,23,single,82,88,71,50,3.38,Lulus
Dariati Nuraini,Laki-laki,30,Blm menikah,40,52,76,48,2.17,Tidak
Salwa Rajata,Laki-laki,30,MENIKAH,60,42,45,95,2.81,Lulus
Salwa Susanti,Perempuan,22,single,54,42,43,84,2.05,Tidak
Victoria Simanjuntak,Laki-laki,27,menikah,90,60,48,61,2.31,Lulus
Talia Prayoga,Perempuan,27,Menikh,93,43,76,53,2.51,Lulus
Juli Anggraini,Laki-laki,24,BELUM MENIKAH,96,48,64,55,3.4,Lulus
Prabowo Budiman,Perempuan,25,Menikh,78,56,45,72,2.4,Lulus
Banara Usada,Perempuan,24,single,63,83,41,57,3.35,Lulus
Fitria Pranowo,Perempuan,25,Belm Menikah,54,85,42,68,2.99,Lulus
Dr. Yessi Manullang,Perempuan,21,Belm Menikah,92,41,61,43,2.87,Lulus
"Maras Haryanti, M.Farm",Perempuan,23,sudah menikah,74,53,80,47,3.81,Lulus
Puti Widodo,Laki-laki,22,single,83,73,56,86,2.36,Lulus
Sutan Makara Utama,Perempuan,22,Belm Menikah,58,62,88,58,2.79,Lulus
Hartaka Hidayat,Laki-laki,21,Menikh,43,58,82,82,2.47,Lulus
"Kasiyah Agustina, S.I.Kom",Perempuan,26,belum menikah,47,49,45,57,2.78,Tidak
Rahayu Widiastuti,Perempuan,28,Blm menikah,50,92,57,47,2.51,Lulus
Irma Gunarto,Laki-laki,19,menikah,76,50,97,50,3.05,Lulus
Uda Wijaya,Laki-laki,22,MENIKAH,77,96,92,51,3.32,Lulus
Titin Yulianti,Laki-laki,25,MENIKAH,78,91,96,98,3.3,Lulus
Rahmat Zulaika,Laki-laki,22,sudah menikah,81,60,43,58,2.68,Lulus
Daru Halim,Perempuan,22,Menikh,49,82,59,53,3.2,Lulus
Hilda Pradipta,Perempuan,25,BELUM MENIKAH,80,98,49,81,2.18,Lulus
"Sutan Jatmiko Maheswara, M.Kom.",Laki-laki,26,Menikaah,67,77,41,83,2.53,Lulus
R. Endah Widiastuti,Laki-laki,23,sudah menikah,66,87,100,90,3.73,Lulus
Wawan Tarihoran,Laki-laki,21,belum menikah,82,48,48,65,3.22,Lulus
Agnes Najmudin,Perempuan,19,sudah menikah,56,92,74,72,2.36,Lulus
Kasiyah Sihotang,Perempuan,25,menikah,66,74,75,66,3.12,Lulus
Sabrina Wasita,Laki-laki,30,belum menikah,54,45,95,84,3.07,Lulus
Hardana Prabowo,Perempuan,22,sudah menikah,98,78,82,92,3.9,Lulus
"Luluh Prayoga, S.Ked",Perempuan,21,BELUM MENIKAH,48,91,87,94,3.99,Lulus
"Restu Suwarno, S.Sos",Laki-laki,27,single,98,47,59,88,3.11,Lulus
Lalita Wahyuni,Perempuan,29,Mnikah,50,68,80,43,2.72,Lulus
Kezia Purwanti,Perempuan,21,BELUM MENIKAH,40,70,58,99,2.84,Lulus
"Karman Gunarto, S.Ked",Laki-laki,20,menikah,91,61,72,55,2.92,Lulus
Dt. Wahyu Anggraini,Perempuan,20,Mnikah,42,51,44,72,2.23,Tidak
Laras Winarsih,Perempuan,24,B belum menikah,83,40,50,48,3.8,Lulus
Margana Lestari,Laki-laki,27,Blm menikah,53,50,61,83,3.69,Lulus
"Puti Cindy Nasyiah, S.Pd",Laki-laki,25,belum menikah,63,90,94,57,2.5,Lulus
Nugraha Marpaung,Laki-laki,23,Belm Menikah,69,59,60,95,2.05,Lulus
Ella Hariyah,Laki-laki,19,menikah,81,51,48,69,3.24,Lulus
"Dr. Harto Halim, S.H.",Laki-laki,29,BELUM MENIKAH,69,78,44,41,2.56,Tidak
KH. Oskar Marpaung,Laki-laki,30,belum menikah,97,63,63,65,2.59,Lulus
Betania Maryati,Laki-laki,27,Menikh,46,84,47,54,2.62,Tidak
"Puti Ella Lestari, M.Ak",Laki-laki,28,belum menikah,74,78,95,51,3.55,Lulus
Tina Budiman,Perempuan,25,menikah,96,67,77,84,2.02,Lulus
Latif Narpati,Perempuan,20,menikah,42,59,54,57,3.79,Lulus
Cut Azalea Nugroho,Laki-laki,25,Menikaah,68,78,96,81,3.75,Lulus
R. Chelsea Wahyuni,Laki-laki,26,Mnikah,82,97,42,86,3.69,Lulus
Alika Prasasta,Perempuan,19,Menikh,79,79,74,90,2.61,Lulus
Dr. Syahrini Mayasari,Laki-laki,25,sudah menikah,87,41,56,86,3.26,Lulus
Mala Natsir,Laki-laki,28,menikah,52,78,66,70,3.28,Lulus
Ir. Zamira Fujiati,Laki-laki,21,Blm menikah,45,66,65,80,2.45,Lulus
Kenes Haryanti,Perempuan,22,MENIKAH,55,92,53,68,3.35,Lulus
Raina Mustofa,Perempuan,23,menikah,73,42,74,92,3.11,Lulus
Ivan Habibi,Laki-laki,30,single,97,80,72,47,3.0,Lulus
Azalea Maheswara,Perempuan,24,sudah menikah,93,89,81,42,2.74,Lulus
Rosman Mansur,Perempuan,25,B belum menikah,43,93,66,43,3.55,Lulus
Tgk. Lidya Wastuti,Laki-laki,29,MENIKAH,87,100,76,95,3.37,Lulus
dr. Sabrina Laksita,Laki-laki,20,Mnikah,67,62,77,94,2.24,Lulus
Tira Oktaviani,Laki-laki,25,Menikaah,74,78,95,45,3.35,Lulus
Hj. Alika Permadi,Laki-laki,22,menikah,97,52,76,43,3.53,Lulus
Galih Sihombing,Laki-laki,29,menikah,60,75,74,92,3.85,Lulus
Wira Nashiruddin,Perempuan,22,BELUM MENIKAH,92,93,44,52,3.56,Lulus
"Dr. Paulin Laksita, S.Pd",Perempuan,29,MENIKAH,60,61,42,65,2.31,Tidak
Keisha Kusmawati,Perempuan,29,belum menikah,59,87,79,89,3.07,Lulus
Bakiono Adriansyah,Laki-laki,26,belum menikah,94,44,46,58,3.1,Lulus
Salimah Aryani,Perempuan,20,BELUM MENIKAH,98,80,91,77,3.07,Lulus
Ghaliyati Astuti,Laki-laki,22,BELUM MENIKAH,94,54,95,75,2.12,Lulus
Drs. Rafid Hassanah,Perempuan,22,Belm Menikah,42,95,76,50,3.5,Lulus
Budi Rahmawati,Laki-laki,20,Blm menikah,88,60,96,96,2.93,Lulus
Tgk. Hesti Yulianti,Laki-laki,28,Belm Menikah,79,59,66,83,3.2,Lulus
Kezia Wijayanti,Perempuan,27,Menikaah,83,96,86,55,2.01,Lulus
"R. Warji Sihotang, S.IP",Perempuan,19,BELUM MENIKAH,88,45,99,40,3.55,Lulus
Nasim Natsir,Laki-laki,26,belum menikah,52,91,55,45,2.05,Tidak
Makara Pratiwi,Perempuan,27,Menikaah,60,64,75,93,2.47,Lulus
Tasnim Mahendra,Perempuan,27,Belm Menikah,78,85,95,73,2.04,Lulus
"Zizi Nurdiyanti, M.M.",Perempuan,19,menikah,84,83,50,74,2.29,Lulus
Elon Thamrin,Perempuan,25,Blm menikah,94,54,40,81,2.71,Lulus
Uda Fujiati,Laki-laki,21,single,85,64,90,78,3.29,Lulus
"Muni Prayoga, M.Pd",Perempuan,25,Menikaah,63,48,75,58,2.84,Lulus
Ir. Hendra Usamah,Perempuan,30,Menikh,78,55,61,87,3.18,Lulus
Yunita Mangunsong,Laki-laki,20,Menikaah,55,45,90,81,3.25,Lulus
Puput Maheswara,Laki-laki,20,sudah menikah,54,96,59,41,2.76,Lulus
Oman Agustina,Laki-laki,19,BELUM MENIKAH,64,46,53,57,3.09,Tidak
"Nasab Gunarto, M.Ak",Laki-laki,28,BELUM MENIKAH,92,43,55,71,3.43,Lulus
Laila Dabukke,Laki-laki,29,BELUM MENIKAH,54,45,79,42,3.97,Lulus
KH. Danu Wasita,Perempuan,20,sudah menikah,93,91,87,88,2.97,Lulus
Talia Hardiansyah,Laki-laki,22,MENIKAH,50,77,62,64,2.16,Lulus
Gatra Nugroho,Perempuan,28,BELUM MENIKAH,63,93,53,96,2.97,Lulus
Lukman Permata,Laki-laki,19,Blm menikah,87,45,100,51,3.92,Lulus
Siska Natsir,Perempuan,30,MENIKAH,85,45,75,77,2.13,Lulus
Sutan Kasim Hastuti,Perempuan,27,single,76,53,43,41,3.51,Lulus
Ibrani Utami,Perempuan,19,B belum menikah,74,45,53,62,3.3,Lulus
Jarwadi Kuswandari,Laki-laki,23,B belum menikah,66,68,41,76,3.93,Lulus
"Vino Natsir, S.Sos",Perempuan,21,belum menikah,65,93,84,80,2.3,Lulus
Jagaraga Laksmiwati,Laki-laki,29,single,78,98,96,87,3.51,Lulus
"dr. Harjasa Palastri, M.Farm",Perempuan,23,Mnikah,50,79,88,77,2.25,Lulus
Usman Pradana,Laki-laki,29,Menikh,43,98,61,96,2.2,Lulus
Dr. Eva Maryati,Laki-laki,25,Menikaah,93,51,54,99,2.5,Lulus
Puti Tami Mustofa,Laki-laki,29,Menikh,43,71,52,83,3.08,Lulus
Adika Marpaung,Laki-laki,24,BELUM MENIKAH,45,75,97,57,2.81,Lulus
Pia Jailani,Perempuan,25,belum menikah,47,70,100,97,3.64,Lulus
Labuh Mahendra,Laki-laki,25,B belum menikah,55,64,68,41,3.07,Lulus
"Arsipatra Latupono, S.Pt",Perempuan,28,belum menikah,82,56,99,53,2.85,Lulus
Yunita Hariyah,Perempuan,29,single,83,89,61,71,2.49,Lulus
Hardi Latupono,Perempuan,20,MENIKAH,70,83,92,92,2.83,Lulus
Rachel Megantara,Perempuan,29,Belm Menikah,96,97,45,52,3.31,Lulus
Kanda Winarsih,Perempuan,25,Menikaah,86,86,63,89,3.54,Lulus
drg. Cemani Pranowo,Perempuan,27,Blm menikah,90,91,58,81,3.87,Lulus
Atma Permadi,Perempuan,30,sudah menikah,85,88,62,42,3.9,Lulus
Tira Padmasari,Laki-laki,25,Menikh,43,67,44,60,3.03,Tidak
Kasiyah Agustina,Laki-laki,27,sudah menikah,60,66,49,96,3.5,Lulus
Drs. Satya Hassanah,Perempuan,26,BELUM MENIKAH,67,65,83,73,3.51,Lulus
"Drs. Harto Pradipta, M.Farm",Laki-laki,19,menikah,97,68,71,49,2.46,Lulus
Genta Novitasari,Perempuan,21,single,66,64,58,94,3.21,Lulus
Febi Zulaika,Perempuan,28,sudah menikah,54,54,40,64,2.14,Tidak
"Dr. Adinata Prasetyo, S.H.",Perempuan,24,B belum menikah,93,45,54,52,3.59,Lulus
"Hana Yuniar, S.Ked",Perempuan,27,single,45,54,96,65,3.93,Lulus
"Drs. Yessi Zulaika, S.E.",Laki-laki,29,menikah,41,50,89,76,3.12,Lulus
"Zelaya Zulaika, S.Pd",Laki-laki,25,sudah menikah,46,43,77,61,3.14,Lulus
"Drs. Kamaria Megantara, M.M.",Perempuan,28,Menikaah,99,87,92,53,2.17,Lulus
Ir. Jayadi Prasasta,Laki-laki,23,menikah,76,99,47,73,2.05,Lulus
Rusman Mandasari,Laki-laki,25,menikah,51,87,75,78,3.18,Lulus
Ade Utami,Perempuan,29,MENIKAH,100,40,48,94,3.27,Lulus
"Drs. Kamaria Saptono, M.Kom.",Perempuan,28,BELUM MENIKAH,90,46,41,53,2.73,Tidak
Putri Suryono,Perempuan,21,B belum menikah,96,62,72,89,3.01,Lulus
H. Olga Astuti,Perempuan,21,Menikaah,64,66,53,59,2.7,Lulus
Lukman Wibisono,Laki-laki,20,menikah,86,43,88,96,3.08,Lulus
Samiah Setiawan,Perempuan,25,menikah,51,86,63,48,2.44,Lulus
Dr. Kanda Siregar,Laki-laki,26,sudah menikah,52,79,71,94,2.39,Lulus
Hartana Manullang,Laki-laki,22,Mnikah,46,94,99,60,3.2,Lulus
Okta Fujiati,Laki-laki,26,sudah menikah,72,45,83,61,2.81,Lulus
Jagaraga Melani,Perempuan,28,menikah,94,53,96,96,3.48,Lulus
"dr. Danang Suartini, S.IP",Perempuan,30,single,49,86,55,97,3.34,Lulus
Chelsea Hassanah,Perempuan,23,menikah,52,51,97,44,3.7,Lulus
Cut Ami Anggraini,Perempuan,27,MENIKAH,43,56,96,88,2.45,Lulus
"Zelda Prasetya, S.IP",Laki-laki,19,BELUM MENIKAH,74,88,80,98,2.52,Lulus
"dr. Prayitna Damanik, S.I.Kom",Laki-laki,24,BELUM MENIKAH,72,70,93,62,3.76,Lulus
Bakda Usamah,Perempuan,28,Blm menikah,60,74,80,91,3.91,Lulus
Putri Hutasoit,Perempuan,21,Menikaah,47,95,40,50,3.8,Lulus
Luluh Yulianti,Perempuan,28,menikah,52,88,60,46,3.08,Lulus
Titi Ardianto,Laki-laki,28,menikah,50,100,62,99,3.8,Lulus
Tgk. Tri Suryatmi,Perempuan,21,BELUM MENIKAH,97,73,93,52,2.22,Lulus
Bajragin Handayani,Laki-laki,25,Mnikah,82,68,69,43,2.92,Lulus
"Rama Winarsih, S.Sos",Perempuan,24,menikah,65,98,88,83,3.13,Lulus
Citra Suartini,Laki-laki,20,menikah,53,44,70,90,2.47,Lulus
Irma Haryanti,Laki-laki,22,sudah menikah,69,89,48,100,2.54,Lulus
Ulva Prayoga,Laki-laki,23,Menikh,42,60,54,42,3.75,Tidak
Cawisadi Zulkarnain,Laki-laki,23,Belm Menikah,56,60,52,69,3.94,Lulus
Hj. Kania Nababan,Laki-laki,28,belum menikah,78,45,48,62,3.69,Lulus
KH. Cemplunk Wibowo,Laki-laki,28,belum menikah,74,56,93,47,2.92,Lulus
"Atmaja Nuraini, S.Farm",Perempuan,20,sudah menikah,51,80,71,77,3.14,Lulus
Indra Napitupulu,Laki-laki,20,Belm Menikah,49,75,43,93,2.81,Lulus
Tasdik Haryanti,Perempuan,30,Mnikah,82,84,80,77,3.02,Lulus
Ir. Puspa Wahyuni,Laki-laki,21,belum menikah,94,46,76,69,2.19,Lulus
Hana Pratiwi,Laki-laki,30,menikah,79,91,80,100,3.49,Lulus
Kuncara Rajata,Perempuan,27,Menikaah,79,73,44,65,2.74,Lulus
"Tgk. Mila Usada, S.E.I",Perempuan,29,menikah,60,68,86,78,2.97,Lulus
Sakti Prasasta,Perempuan,24,BELUM MENIKAH,88,78,70,52,2.02,Lulus
"drg. Panca Hassanah, M.M.",Laki-laki,28,single,65,80,50,54,3.76,Lulus
Harjaya Narpati,Laki-laki,30,Mnikah,62,96,82,50,3.35,Lulus
Tiara Hartati,Laki-laki,30,Menikh,61,65,85,91,2.16,Lulus
R. Kamila Suartini,Perempuan,24,MENIKAH,44,82,47,61,2.26,Tidak
Hilda Nababan,Perempuan,24,sudah menikah,71,61,85,98,2.56,Lulus
"Gandewa Maulana, S.Kom",Perempuan,24,Menikaah,61,53,77,62,3.88,Lulus
Kala Nasyidah,Laki-laki,30,Mnikah,58,89,69,60,2.67,Lulus
Gasti Pradipta,Perempuan,28,Mnikah,59,93,71,72,2.31,Lulus
Ibun Wastuti,Laki-laki,29,belum menikah,99,40,41,75,3.05,Lulus
"Gading Padmasari, M.Kom.",Perempuan,25,MENIKAH,85,50,57,91,3.3,Lulus
Genta Hartati,Perempuan,22,belum menikah,46,82,62,95,2.02,Lulus
"Sutan Artanto Wijaya, M.Ak",Laki-laki,24,menikah,81,53,87,50,3.64,Lulus
Luhung Wasita,Laki-laki,25,BELUM MENIKAH,83,69,63,84,3.96,Lulus
R.A. Malika Pranowo,Laki-laki,28,Belm Menikah,78,63,90,79,3.35,Lulus
"Rina Hastuti, S.Sos",Laki-laki,27,menikah,57,94,89,99,2.45,Lulus
Muhammad Prakasa,Perempuan,19,B belum menikah,86,69,59,83,2.8,Lulus
"Shakila Firgantoro, S.I.Kom",Laki-laki,23,Mnikah,57,60,87,90,2.68,Lulus
"Teguh Sihotang, M.Pd",Laki-laki,29,Menikaah,48,63,68,61,2.94,Lulus
Devi Uyainah,Perempuan,21,Menikh,97,82,69,52,2.38,Lulus
Muni Farida,Laki-laki,26,Blm menikah,93,53,78,42,2.04,Lulus
Kasiyah Prasetya,Perempuan,21,MENIKAH,56,97,58,40,2.89,Lulus
drg. Raharja Wijaya,Perempuan,25,Blm menikah,57,91,83,85,2.2,Lulus
Cinta Saptono,Laki-laki,21,single,53,87,67,52,2.94,Lulus
Betania Pudjiastuti,Perempuan,27,MENIKAH,98,82,69,92,2.94,Lulus
R. Kezia Melani,Perempuan,26,B belum menikah,77,83,71,84,3.74,Lulus
Pangeran Maulana,Perempuan,20,B belum menikah,98,95,85,51,3.94,Lulus
"Karma Puspasari, M.M.",Laki-laki,25,MENIKAH,43,76,77,92,2.88,Lulus
Widya Palastri,Perempuan,24,Menikh,68,44,53,91,2.52,Lulus
Wage Wijayanti,Laki-laki,22,B belum menikah,51,71,85,74,2.77,Lulus
"Melinda Wacana, M.Farm",Laki-laki,19,Menikh,81,62,49,93,2.03,Lulus
"Ayu Astuti, M.M.",Perempuan,19,Menikh,66,93,44,100,3.14,Lulus
Aswani Habibi,Laki-laki,28,belum menikah,51,94,98,49,3.22,Lulus
"Vero Damanik, S.Kom",Perempuan,27,Belm Menikah,61,80,66,88,3.46,Lulus
Hilda Aryani,Laki-laki,24,Belm Menikah,49,87,83,45,2.85,Lulus
Syahrini Hardiansyah,Perempuan,19,menikah,75,60,91,75,3.65,Lulus
Titi Gunarto,Perempuan,30,MENIKAH,65,83,56,58,2.79,Lulus
"Ade Saputra, M.Ak",Perempuan,22,MENIKAH,87,95,52,64,3.34,Lulus
R. Lala Sudiati,Perempuan,26,Menikaah,98,57,58,57,3.06,Lulus
"Azalea Permata, M.TI.",Laki-laki,25,Belm Menikah,79,84,48,43,3.95,Lulus
"Kartika Pradana, S.I.Kom",Perempuan,28,Menikaah,83,60,58,69,2.25,Lulus
Titi Rajata,Perempuan,28,B belum menikah,84,41,99,52,3.67,Lulus
"Hafshah Widodo, S.Sos",Perempuan,24,Belm Menikah,47,41,75,100,3.91,Lulus
Budi Handayani,Laki-laki,23,Menikh,54,58,77,60,2.91,Lulus
Dt. Opan Saptono,Laki-laki,30,menikah,50,71,82,85,3.27,Lulus
Vivi Novitasari,Laki-laki,20,Belm Menikah,53,93,42,89,2.07,Lulus
"Dt. Maras Prasetya, M.Farm",Perempuan,28,single,89,64,81,41,3.87,Lulus
Dinda Siregar,Laki-laki,27,single,54,42,83,53,3.7,Lulus
Dr. Baktianto Nashiruddin,Laki-laki,26,Belm Menikah,53,46,40,76,3.42,Lulus
"dr. Lidya Pangestu, M.TI.",Perempuan,24,belum menikah,67,41,94,60,3.37,Lulus
Luwar Prastuti,Laki-laki,25,menikah,80,67,91,75,2.47,Lulus
Mala Damanik,Perempuan,30,Mnikah,58,87,98,57,3.5,Lulus
Ifa Adriansyah,Perempuan,28,single,40,54,52,92,2.84,Lulus
Bagas Pratiwi,Laki-laki,19,Belm Menikah,55,70,64,65,2.24,Lulus
Intan Sirait,Perempuan,20,single,59,43,81,59,3.46,Lulus
"R. Cinta Saragih, S.IP",Laki-laki,21,menikah,80,83,64,65,3.47,Lulus
"Vino Halim, S.IP",Perempuan,26,menikah,53,91,71,42,2.93,Lulus
"Tugiman Iswahyudi, M.Pd",Laki-laki,21,single,92,100,93,73,2.97,Lulus
Sutan Emin Nasyidah,Laki-laki,29,single,61,89,40,95,2.5,Lulus
Nugraha Sihombing,Perempuan,24,BELUM MENIKAH,100,63,51,70,3.83,Lulus
R. Jaka Dabukke,Laki-laki,25,Belm Menikah,55,57,72,97,3.58,Lulus
"Sutan Yosef Hidayat, S.H.",Laki-laki,19,Menikh,74,95,87,69,3.17,Lulus
Mitra Wulandari,Laki-laki,20,B belum menikah,89,75,79,81,3.33,Lulus
H. Empluk Rahimah,Laki-laki,28,belum menikah,79,57,74,86,2.85,Lulus
Hj. Zamira Andriani,Laki-laki,20,belum menikah,74,89,42,63,2.93,Lulus
Tgk. Puji Marpaung,Laki-laki,19,MENIKAH,69,62,81,60,3.55,Lulus
Mila Prastuti,Perempuan,20,B belum menikah,83,49,48,93,3.59,Lulus
Silvia Nugroho,Laki-laki,21,Menikaah,72,84,63,79,2.13,Lulus
dr. Oskar Puspasari,Laki-laki,19,B belum menikah,91,57,72,94,3.4,Lulus
"R.M. Harjo Adriansyah, S.Gz",Perempuan,27,menikah,92,90,79,91,3.24,Lulus
drg. Kani Wibisono,Laki-laki,24,B belum menikah,68,90,83,49,2.95,Lulus
"Puti Mala Adriansyah, S.H.",Laki-laki,25,B belum menikah,81,99,73,46,3.95,Lulus
"Laksana Pranowo, S.Kom",Laki-laki,29,Belm Menikah,50,70,45,90,3.1,Lulus
R. Amalia Wibowo,Laki-laki,19,Menikaah,90,71,90,85,2.81,Lulus
Yunita Samosir,Laki-laki,19,Menikaah,50,89,57,87,3.83,Lulus
Amalia Hasanah,Perempuan,24,Belm Menikah,74,99,55,92,2.87,Lulus
Raisa Pertiwi,Perempuan,29,B belum menikah,76,72,98,48,3.25,Lulus
"Putri Uyainah, M.Pd",Perempuan,20,MENIKAH,72,90,67,81,2.49,Lulus
R. Ivan Gunarto,Laki-laki,22,B belum menikah,75,52,41,70,2.2,Tidak
Nadine Budiman,Perempuan,26,BELUM MENIKAH,45,78,91,42,2.78,Lulus
Paramita Mahendra,Perempuan,30,Blm menikah,79,78,76,64,3.09,Lulus
Ismail Puspita,Perempuan,28,Menikh,85,59,94,77,2.47,Lulus
Putri Wibisono,Laki-laki,27,Mnikah,62,98,43,98,2.9,Lulus
Jumari Utami,Perempuan,27,Menikh,55,80,60,97,3.64,Lulus
Dian Hastuti,Perempuan,28,menikah,76,81,98,89,3.84,Lulus
"dr. Karimah Pertiwi, S.H.",Perempuan,29,Mnikah,53,92,56,49,3.29,Lulus
Nrima Samosir,Laki-laki,23,Blm menikah,52,89,52,49,2.32,Lulus
Uchita Nugroho,Laki-laki,19,Menikaah,62,64,93,84,3.57,Lulus
"Oni Pratiwi, S.T.",Perempuan,25,BELUM MENIKAH,60,77,65,43,2.91,Lulus
R. Nadia Kuswoyo,Perempuan,22,sudah menikah,88,80,79,79,3.53,Lulus
Kawaya Usada,Laki-laki,29,Belm Menikah,99,58,76,55,3.99,Lulus
"Sutan Bahuraksa Januar, M.Farm",Perempuan,23,single,48,93,81,84,2.04,Lulus
"Mitra Winarno, S.E.I",Perempuan,23,menikah,94,84,70,75,3.4,Lulus
Tgk. Raharja Mansur,Laki-laki,30,single,51,64,78,74,3.83,Lulus
Gading Narpati,Laki-laki,29,Menikaah,43,87,92,54,2.44,Lulus
Qori Prasetyo,Laki-laki,30,Menikh,92,87,48,68,3.95,Lulus
Jindra Pradipta,Laki-laki,30,single,46,96,43,68,2.01,Lulus
Talia Sitompul,Perempuan,26,Mnikah,95,85,73,45,2.58,Lulus
Hesti Nugroho,Laki-laki,30,BELUM MENIKAH,87,62,100,65,3.98,Lulus
Zizi Prastuti,Perempuan,26,sudah menikah,77,92,75,44,2.42,Lulus
"Puti Maria Irawan, M.Kom.",Perempuan,27,Belm Menikah,61,63,62,93,2.76,Lulus
"dr. Puji Widodo, S.Farm",Perempuan,30,Blm menikah,96,72,60,90,3.87,Lulus
"R.M. Jagaraga Hutapea, M.M.",Laki-laki,23,Menikh,69,100,42,89,3.77,Lulus
Sadina Rahayu,Laki-laki,23,Blm menikah,69,79,48,40,2.76,Lulus
"Rahayu Purwanti, S.H.",Laki-laki,20,single,54,58,73,62,3.63,Lulus
Danu Zulaika,Laki-laki,30,menikah,65,81,66,60,2.49,Lulus
Iriana Firgantoro,Perempuan,25,belum menikah,89,42,50,94,2.25,Lulus
Balamantri Rahimah,Laki-laki,19,Menikaah,89,42,53,72,3.06,Lulus
Lasmono Purwanti,Perempuan,26,belum menikah,98,45,68,67,3.68,Lulus
"Dr. Lidya Sihombing, S.Farm",Perempuan,21,Menikh,55,90,75,49,2.85,Lulus
Prayoga Hardiansyah,Perempuan,23,MENIKAH,89,89,60,99,2.88,Lulus
Nasab Nainggolan,Perempuan,24,single,55,95,55,88,3.89,Lulus
R.A. Lili Haryanti,Laki-laki,20,MENIKAH,98,46,41,86,2.56,Lulus
"Hamima Sitompul, S.T.",Laki-laki,30,Menikh,56,79,45,84,2.13,Lulus
Jagaraga Nugroho,Perempuan,29,menikah,90,95,89,85,3.93,Lulus
Xanana Maheswara,Laki-laki,25,Menikaah,45,46,88,65,3.86,Lulus
Irsad Hakim,Perempuan,27,Blm menikah,96,42,78,61,2.85,Lulus
Abyasa Nababan,Laki-laki,21,single,87,72,60,51,2.82,Lulus
Prabowo Setiawan,Laki-laki,24,menikah,91,85,93,83,2.53,Lulus
"Drs. Emong Hutagalung, S.Pd",Perempuan,22,Menikaah,70,70,100,45,3.69,Lulus
R. Winda Suwarno,Perempuan,22,MENIKAH,42,65,57,48,3.73,Lulus
Prabu Nugroho,Perempuan,23,sudah menikah,81,98,75,47,2.09,Lulus
Elma Wulandari,Laki-laki,20,Blm menikah,71,59,81,50,2.53,Lulus
"Ulya Suwarno, M.Ak",Perempuan,20,BELUM MENIKAH,85,89,74,45,3.4,Lulus
Belinda Nainggolan,Laki-laki,28,sudah menikah,51,49,66,88,3.75,Lulus
Titi Tampubolon,Perempuan,24,MENIKAH,96,46,41,54,2.5,Tidak
"R.M. Gamanto Kusumo, S.Psi",Perempuan,27,belum menikah,84,64,47,49,2.27,Lulus
Mursinin Maryati,Laki-laki,25,MENIKAH,95,47,72,73,2.6,Lulus
Melinda Riyanti,Perempuan,28,Belm Menikah,75,58,66,52,3.75,Lulus
Titin Sirait,Perempuan,19,Belm Menikah,93,85,85,91,2.7,Lulus
"Jagaraga Budiman, M.Pd",Perempuan,22,BELUM MENIKAH,76,60,80,41,3.64,Lulus
"drg. Asirwanda Purwanti, S.E.",Laki-laki,25,Menikaah,84,75,84,64,2.67,Lulus
Putri Yuliarti,Laki-laki,24,Menikaah,41,91,55,73,3.33,Lulus
Intan Thamrin,Laki-laki,23,single,92,72,66,44,2.13,Lulus
Puti Zelda Tampubolon,Laki-laki,23,MENIKAH,43,92,63,47,2.87,Lulus
Vanya Permadi,Perempuan,19,Menikh,45,71,68,81,2.73,Lulus
Paris Pratama,Perempuan,28,Menikh,69,76,48,65,2.58,Lulus
Rachel Suwarno,Laki-laki,28,menikah,70,100,55,50,3.67,Lulus
Samiah Hassanah,Laki-laki,26,B belum menikah,65,60,40,95,3.96,Lulus
Tgk. Ratih Mansur,Perempuan,22,Mnikah,65,65,60,62,3.16,Lulus
Restu Pangestu,Perempuan,24,belum menikah,68,92,60,86,3.13,Lulus
Bakti Prayoga,Perempuan,23,menikah,75,97,52,84,3.01,Lulus
"Eko Saptono, S.Pt",Laki-laki,27,menikah,52,84,48,82,2.58,Lulus
Ella Jailani,Laki-laki,22,Belm Menikah,97,57,59,80,3.47,Lulus
"Umi Nababan, M.Kom.",Perempuan,28,Menikh,93,47,61,96,2.59,Lulus
Dr. Aisyah Mahendra,Laki-laki,20,Blm menikah,70,72,64,45,3.21,Lulus
"Dimaz Hasanah, S.Pd",Perempuan,27,BELUM MENIKAH,91,80,98,78,2.55,Lulus
Waluyo Prakasa,Perempuan,29,MENIKAH,94,48,55,80,3.83,Lulus
Drs. Ibrahim Rahayu,Laki-laki,30,B belum menikah,48,97,87,66,2.07,Lulus
Ulya Mulyani,Laki-laki,21,Menikh,48,83,86,56,2.81,Lulus
Maida Pradana,Perempuan,28,MENIKAH,80,90,70,98,3.15,Lulus
"Limar Suryono, M.Ak",Laki-laki,27,single,61,85,99,99,3.57,Lulus
dr. Lintang Rahayu,Laki-laki,24,Blm menikah,63,76,87,68,2.57,Lulus
Kiandra Pradipta,Laki-laki,25,Menikh,80,46,83,74,3.61,Lulus
Paris Oktaviani,Perempuan,25,Mnikah,86,66,55,98,3.0,Lulus
Rina Suwarno,Laki-laki,27,Belm Menikah,96,95,83,100,3.2,Lulus
Cut Lidya Dabukke,Perempuan,23,sudah menikah,62,62,86,93,3.18,Lulus
Karen Aryani,Perempuan,25,Blm menikah,40,86,71,48,3.82,Lulus
Titi Astuti,Laki-laki,27,Menikh,97,80,82,95,2.35,Lulus
Lalita Permadi,Perempuan,21,sudah menikah,80,41,100,70,3.56,Lulus
Lintang Maryadi,Laki-laki,24,Mnikah,95,45,68,100,2.04,Lulus
Drs. Adinata Winarno,Perempuan,26,B belum menikah,96,46,65,68,2.65,Lulus
"Ade Rahayu, S.H.",Perempuan,20,sudah menikah,59,85,40,73,2.21,Lulus
"Aslijan Nurdiyanti, S.Pd",Laki-laki,22,sudah menikah,57,85,77,89,3.29,Lulus
R. Pangeran Wasita,Laki-laki,20,belum menikah,47,64,86,86,3.71,Lulus
Virman Januar,Perempuan,29,BELUM MENIKAH,57,51,87,73,3.49,Lulus
"Restu Prasasta, S.Psi",Laki-laki,20,MENIKAH,54,65,95,95,3.7,Lulus
"Kenari Zulkarnain, S.E.I",Perempuan,19,Belm Menikah,55,48,58,73,3.54,Lulus
Puti Bella Purnawati,Laki-laki,24,Mnikah,50,92,96,78,2.91,Lulus
"Sidiq Napitupulu, M.Farm",Laki-laki,26,sudah menikah,91,70,60,75,3.48,Lulus
Padma Permata,Perempuan,24,menikah,55,92,53,62,3.8,Lulus
Gilda Situmorang,Perempuan,25,Menikaah,100,65,88,75,3.93,Lulus
Okto Nainggolan,Perempuan,20,B belum menikah,65,73,64,79,3.03,Lulus
Karma Wasita,Laki-laki,24,menikah,59,72,90,54,2.73,Lulus
Vivi Wahyudin,Laki-laki,26,MENIKAH,67,69,48,45,2.3,Tidak
Elvina Tamba,Perempuan,25,BELUM MENIKAH,45,44,68,51,2.99,Tidak
Zahra Siregar,Perempuan,20,B belum menikah,64,46,86,65,2.66,Lulus
"Shakila Nainggolan, S.Pd",Perempuan,28,Menikh,66,47,84,43,3.99,Lulus
Ade Samosir,Perempuan,20,Menikaah,52,41,66,77,3.01,Lulus
Cut Shania Nababan,Perempuan,30,sudah menikah,87,81,74,78,3.48,Lulus
"R.A. Ella Hidayat, M.TI.",Perempuan,24,menikah,96,59,91,48,3.43,Lulus
"Hj. Ophelia Dabukke, S.Psi",Perempuan,25,B belum menikah,65,71,45,52,3.46,Lulus
Galuh Padmasari,Laki-laki,19,Belm Menikah,42,63,49,90,3.8,Lulus
Asirwada Maryati,Laki-laki,21,Mnikah,52,90,62,45,3.23,Lulus
"Drs. Hasan Hidayanto, S.Pt",Laki-laki,27,Belm Menikah,52,45,61,58,3.51,Lulus
Emin Laksita,Perempuan,21,Belm Menikah,51,67,79,93,2.42,Lulus
"Puti Cinta Nuraini, S.Farm",Perempuan,29,Menikaah,93,63,54,54,3.08,Lulus
Daniswara Usada,Perempuan,27,sudah menikah,84,48,98,42,2.02,Lulus
"Putri Nainggolan, M.Pd",Perempuan,28,single,75,98,99,98,2.74,Lulus
Umaya Dabukke,Perempuan,29,Menikaah,92,46,48,91,3.05,Lulus
Kasim Zulaika,Laki-laki,24,Menikaah,48,52,58,64,2.45,Tidak
Legawa Yolanda,Perempuan,27,MENIKAH,48,63,89,57,3.45,Lulus
Elvina Prasetyo,Perempuan,26,MENIKAH,66,79,44,75,2.44,Lulus
Mulyanto Gunawan,Perempuan,27,menikah,90,92,88,63,3.1,Lulus
Ciaobella Ardianto,Laki-laki,27,single,62,71,62,80,3.33,Lulus
Aditya Wasita,Perempuan,20,Blm menikah,41,43,58,99,2.89,Lulus
"Belinda Nugroho, S.E.I",Perempuan,20,Menikaah,77,95,75,65,3.77,Lulus
drg. Jasmin Pranowo,Laki-laki,28,BELUM MENIKAH,67,89,64,87,2.63,Lulus
"Maimunah Saefullah, S.E.",Laki-laki,30,belum menikah,70,83,79,62,3.22,Lulus
"Dr. Gilang Wulandari, S.Sos",Perempuan,22,single,90,76,94,46,2.63,Lulus
Rendy Firmansyah,Laki-laki,30,Menikh,61,96,61,76,3.22,Lulus
Padmi Anggriawan,Laki-laki,19,Mnikah,47,41,73,75,2.87,Lulus
"drg. Yahya Oktaviani, S.Kom",Laki-laki,25,Menikaah,66,71,91,40,3.16,Lulus
"Eja Kuswandari, S.Pt",Laki-laki,30,menikah,75,56,43,91,3.02,Lulus
Yono Namaga,Perempuan,19,Menikh,64,86,81,47,2.02,Lulus
Zalindra Permata,Perempuan,27,Blm menikah,59,87,50,83,3.2,Lulus
Safina Wibisono,Perempuan,29,BELUM MENIKAH,89,70,62,46,3.99,Lulus
Rina Nuraini,Laki-laki,27,Menikh,53,78,63,91,2.83,Lulus
Vivi Lailasari,Laki-laki,24,belum menikah,96,71,50,50,2.72,Lulus
Gawati Firmansyah,Laki-laki,29,Blm menikah,65,86,67,52,3.93,Lulus
Karma Wulandari,Perempuan,27,single,99,91,69,43,2.29,Lulus
Dian Saragih,Laki-laki,30,belum menikah,54,43,86,94,3.28,Lulus
Galar Handayani,Perempuan,19,BELUM MENIKAH,82,45,42,52,2.65,Tidak
Ihsan Waluyo,Laki-laki,23,sudah menikah,88,87,74,99,3.23,Lulus
"Garan Hutapea, S.Farm",Laki-laki,25,MENIKAH,40,76,80,44,3.74,Lulus
Estiawan Hartati,Laki-laki,23,Blm menikah,87,88,92,95,2.56,Lulus
Ir. Hairyanto Budiyanto,Laki-laki,26,MENIKAH,66,51,43,43,2.45,Tidak
Gading Tamba,Perempuan,23,Menikh,93,100,51,43,2.87,Lulus
"Harsana Tarihoran, M.Pd",Perempuan,30,menikah,45,62,96,42,2.49,Lulus
Ami Santoso,Perempuan,27,Menikaah,40,90,67,63,3.34,Lulus
Manah Siregar,Laki-laki,30,Mnikah,95,71,85,86,2.37,Lulus
Sabar Waluyo,Perempuan,23,B belum menikah,93,86,43,51,2.68,Lulus
Novi Anggraini,Laki-laki,21,Menikaah,93,68,51,69,3.51,Lulus
Candra Prakasa,Laki-laki,24,sudah menikah,43,68,53,88,2.12,Lulus
Puti Dewi Pudjiastuti,Laki-laki,25,B belum menikah,87,78,46,99,2.28,Lulus
Reza Purwanti,Perempuan,21,Menikh,61,96,73,87,2.48,Lulus
"Elvin Rahimah, M.Farm",Perempuan,30,belum menikah,97,94,79,74,3.89,Lulus
Kardi Adriansyah,Perempuan,29,single,74,77,51,83,2.91,Lulus
Malik Hassanah,Perempuan,25,belum menikah,71,50,96,45,3.79,Lulus
"Dr. Rendy Jailani, S.Pt",Perempuan,27,Menikh,57,81,64,72,2.31,Lulus
Cemplunk Purnawati,Perempuan,22,Menikh,73,74,54,49,3.97,Lulus
KH. Ajiono Suryono,Laki-laki,24,Blm menikah,70,65,64,53,3.59,Lulus
Suci Riyanti,Laki-laki,29,sudah menikah,92,93,98,47,2.19,Lulus
Vivi Purnawati,Perempuan,21,MENIKAH,55,96,41,80,3.73,Lulus
"drg. Sari Zulkarnain, S.Pt",Laki-laki,22,Menikh,65,73,95,74,3.37,Lulus
"Cengkal Handayani, S.IP",Laki-laki,26,BELUM MENIKAH,84,47,66,91,3.83,Lulus
Karya Rahmawati,Laki-laki,22,Blm menikah,58,77,85,89,3.58,Lulus
Kania Narpati,Perempuan,30,Menikaah,53,42,47,69,2.67,Tidak
"Hj. Kamaria Anggriawan, S.IP",Laki-laki,26,Belm Menikah,78,47,46,56,2.95,Lulus
drg. Natalia Nurdiyanti,Perempuan,30,MENIKAH,90,47,63,95,2.31,Lulus
"Tgk. Gilda Usamah, S.I.Kom",Laki-laki,25,Blm menikah,41,79,88,69,3.52,Lulus
Jagaraga Simanjuntak,Perempuan,25,BELUM MENIKAH,70,42,90,52,3.61,Lulus
"Jagaraga Usamah, S.Psi",Laki-laki,23,single,49,84,71,99,2.79,Lulus
Warsita Pradipta,Laki-laki,20,Blm menikah,40,63,49,41,2.69,Tidak
"Hj. Sari Wahyuni, S.I.Kom",Perempuan,24,Mnikah,71,43,48,97,2.89,Lulus
Usyi Hutasoit,Laki-laki,20,belum menikah,85,100,98,83,3.51,Lulus
T. Enteng Oktaviani,Laki-laki,26,sudah menikah,59,86,62,73,3.52,Lulus
"Gamanto Wibowo, M.Farm",Laki-laki,22,Menikaah,72,98,86,55,2.21,Lulus
"Opung Nashiruddin, M.Kom.",Laki-laki,28,sudah menikah,83,84,73,97,2.04,Lulus
"Tiara Kusumo, S.E.I",Perempuan,20,B belum menikah,44,50,54,42,3.47,Tidak
"KH. Damu Pradana, M.M.",Perempuan,27,belum menikah,81,65,77,68,2.95,Lulus
Aurora Winarsih,Perempuan,19,Mnikah,91,64,42,41,2.88,Lulus
Eka Lestari,Laki-laki,28,single,89,98,61,70,3.8,Lulus
H. Argono Nugroho,Laki-laki,29,B belum menikah,44,52,47,40,3.02,Tidak
"R.A. Hamima Uwais, M.Pd",Laki-laki,29,belum menikah,84,86,95,77,3.85,Lulus
Silvia Wacana,Laki-laki,21,Menikaah,78,87,59,44,2.55,Lulus
Pia Astuti,Laki-laki,30,B belum menikah,55,75,65,66,3.54,Lulus
"Kanda Saragih, S.Pt",Laki-laki,30,sudah menikah,47,88,44,91,3.06,Lulus
"Kawaca Mansur, M.Pd",Perempuan,23,MENIKAH,52,89,83,89,2.49,Lulus
Eman Rahayu,Perempuan,23,Belm Menikah,79,65,79,76,3.9,Lulus
Jarwi Kusumo,Perempuan,22,belum menikah,66,71,81,53,3.07,Lulus
Oliva Anggriawan,Perempuan,27,BELUM MENIKAH,41,87,67,41,3.95,Lulus
drg. Gamanto Oktaviani,Perempuan,30,Mnikah,65,92,94,72,3.42,Lulus
Kunthara Puspita,Perempuan,22,Belm Menikah,44,66,91,95,2.12,Lulus
Gawati Sitorus,Perempuan,20,B belum menikah,94,98,89,66,3.32,Lulus
"Hj. Jasmin Tarihoran, M.Ak",Perempuan,23,Belm Menikah,55,81,82,71,3.67,Lulus
"R. Gara Purnawati, S.Farm",Perempuan,29,Menikaah,93,52,63,80,2.19,Lulus
"Drs. Kemba Sirait, S.Gz",Perempuan,20,menikah,52,69,69,83,3.13,Lulus
Yosef Usamah,Laki-laki,27,sudah menikah,93,68,48,99,3.01,Lulus
Yance Andriani,Laki-laki,19,Belm Menikah,52,86,57,67,3.12,Lulus
Dt. Anom Mardhiyah,Laki-laki,20,Menikh,73,57,84,68,3.32,Lulus
"Dt. Baktiadi Usamah, M.M.",Laki-laki,21,B belum menikah,55,51,79,61,2.5,Lulus
"Kenzie Agustina, S.Kom",Laki-laki,26,menikah,51,92,93,40,2.92,Lulus
"Drs. Olivia Budiman, S.Pt",Laki-laki,26,single,57,41,70,50,2.67,Tidak
"Ir. Putri Uwais, S.T.",Perempuan,22,Menikaah,91,77,70,62,2.3,Lulus
R. Galang Suryatmi,Laki-laki,25,Menikaah,49,72,53,75,3.21,Lulus
"Panji Januar, S.Pt",Laki-laki,21,Belm Menikah,94,52,55,51,2.83,Lulus
"Titi Hutapea, S.H.",Perempuan,22,Mnikah,80,63,100,69,2.88,Lulus
Cut Chelsea Winarsih,Perempuan,28,MENIKAH,43,46,94,46,3.57,Lulus
Faizah Mansur,Perempuan,29,BELUM MENIKAH,80,98,49,50,2.91,Lulus
Wulan Najmudin,Laki-laki,20,sudah menikah,46,61,78,58,3.14,Lulus
"Ir. Lalita Narpati, S.Psi",Laki-laki,25,sudah menikah,86,42,89,73,3.2,Lulus
Ir. Samiah Anggraini,Perempuan,21,B belum menikah,72,68,95,95,3.41,Lulus
Ayu Hakim,Laki-laki,30,B belum menikah,50,64,92,96,3.49,Lulus
Violet Wibowo,Perempuan,29,MENIKAH,47,90,80,100,3.66,Lulus
Ika Pradipta,Perempuan,25,single,83,65,77,78,3.13,Lulus
"Diah Budiman, S.H.",Laki-laki,27,Menikh,45,49,99,69,2.14,Lulus
"dr. Kiandra Lailasari, S.Pd",Perempuan,30,sudah menikah,50,84,95,99,3.44,Lulus
Sutan Prima Pangestu,Laki-laki,28,B belum menikah,68,98,64,51,2.35,Lulus
Xanana Rahayu,Laki-laki,22,Menikaah,68,64,45,41,2.01,Tidak
R. Caraka Palastri,Perempuan,26,BELUM MENIKAH,67,87,62,87,3.47,Lulus
Cut Puti Astuti,Perempuan,30,belum menikah,40,54,92,64,2.4,Lulus
"Ir. Titin Kuswandari, M.M.",Laki-laki,21,B belum menikah,90,85,65,94,2.78,Lulus
Laswi Salahudin,Laki-laki,26,MENIKAH,82,100,100,97,2.91,Lulus
T. Mulya Pradana,Perempuan,28,Mnikah,43,42,91,82,2.29,Lulus
Chelsea Andriani,Perempuan,20,Mnikah,61,42,86,57,2.11,Tidak
"R. Arta Nurdiyanti, M.Ak",Laki-laki,19,BELUM MENIKAH,96,58,100,56,3.86,Lulus
Yusuf Lestari,Perempuan,22,Blm menikah,89,98,70,60,3.44,Lulus
"Ganjaran Simbolon, S.I.Kom",Perempuan,28,BELUM MENIKAH,58,74,61,76,2.32,Lulus
Agnes Mangunsong,Perempuan,26,MENIKAH,43,62,59,51,2.75,Tidak
Ida Samosir,Laki-laki,22,Mnikah,74,60,65,83,2.39,Lulus
Drs. Qori Gunawan,Laki-laki,26,Menikh,59,91,83,97,2.11,Lulus
Jono Budiman,Perempuan,30,single,46,90,76,55,2.63,Lulus
Sutan Jati Pertiwi,Laki-laki,27,Belm Menikah,91,50,93,85,2.89,Lulus
Farhunnisa Halimah,Perempuan,28,single,73,61,62,82,2.68,Lulus
Belinda Jailani,Laki-laki,25,Menikh,47,66,84,65,2.34,Lulus
Ellis Sinaga,Perempuan,22,single,70,94,78,48,2.64,Lulus
Dr. Prakosa Habibi,Laki-laki,27,single,71,76,93,66,3.09,Lulus
Ratih Hassanah,Perempuan,27,B belum menikah,73,67,50,72,2.52,Lulus
Galih Gunawan,Laki-laki,24,belum menikah,49,85,62,47,3.32,Lulus
Zulaikha Rahayu,Perempuan,22,Menikaah,75,77,56,76,3.54,Lulus
"drg. Ayu Tamba, S.Psi",Perempuan,29,Menikh,74,88,80,87,2.67,Lulus
Sutan Cahyono Hartati,Laki-laki,21,belum menikah,51,85,64,45,2.15,Tidak
"Drs. Sadina Setiawan, M.TI.",Perempuan,21,single,59,47,74,75,3.54,Lulus
Nadine Kuswandari,Perempuan,22,single,98,45,96,95,2.66,Lulus
Jindra Nuraini,Laki-laki,25,sudah menikah,95,94,80,42,2.97,Lulus
Nadine Lazuardi,Perempuan,27,Menikh,83,93,84,48,3.18,Lulus
"Nyana Nasyidah, S.Farm",Laki-laki,23,Blm menikah,71,40,74,80,3.05,Lulus
"Wulan Dabukke, M.Farm",Laki-laki,30,sudah menikah,81,42,65,43,3.93,Lulus
Catur Januar,Perempuan,25,Belm Menikah,97,49,44,62,2.08,Lulus
Darmana Pratiwi,Laki-laki,24,Mnikah,57,65,56,92,3.82,Lulus
Jane Sudiati,Laki-laki,24,Blm menikah,88,64,57,86,3.78,Lulus
Fitriani Usada,Perempuan,29,belum menikah,91,50,63,79,2.28,Lulus
Bakti Halim,Laki-laki,30,belum menikah,81,46,78,67,3.23,Lulus
"Tgk. Raina Prastuti, S.Ked",Perempuan,22,menikah,89,93,53,81,3.76,Lulus
"Cut Titin Marbun, M.Ak",Perempuan,27,BELUM MENIKAH,59,59,66,40,2.63,Tidak
Laila Riyanti,Laki-laki,23,sudah menikah,90,66,80,88,3.33,Lulus
"Gina Hidayat, S.Sos",Laki-laki,24,single,89,68,40,73,3.49,Lulus
Unggul Melani,Laki-laki,25,Menikaah,48,72,75,42,2.83,Lulus
Nova Situmorang,Perempuan,23,B belum menikah,67,86,75,49,3.44,Lulus
"Dr. Maya Hutasoit, S.Gz",Perempuan,25,B belum menikah,61,67,75,49,2.91,Lulus
Betania Tamba,Laki-laki,20,sudah menikah,47,49,79,89,2.15,Lulus
Rahayu Wahyudin,Perempuan,30,Blm menikah,61,89,46,56,2.23,Lulus
"Tgk. Tari Prayoga, M.Kom.",Laki-laki,27,Blm menikah,96,44,42,89,3.97,Lulus
"Galar Marpaung, S.Kom",Laki-laki,26,Belm Menikah,45,80,88,52,2.51,Lulus
Unjani Sitorus,Laki-laki,28,MENIKAH,100,80,69,89,2.46,Lulus
"Oman Haryanto, S.Pd",Perempuan,25,Menikh,86,64,74,95,3.9,Lulus
Padma Kusmawati,Laki-laki,23,Belm Menikah,60,76,49,45,2.76,Tidak
Soleh Kusmawati,Perempuan,25,Menikaah,99,80,57,86,3.83,Lulus
drg. Intan Mandala,Perempuan,29,Blm menikah,72,72,98,61,2.48,Lulus
Galur Tampubolon,Laki-laki,21,single,61,43,65,81,2.61,Lulus
Ibun Namaga,Perempuan,26,menikah,88,48,84,81,2.3,Lulus
"Tgk. Ihsan Samosir, M.Ak",Perempuan,27,BELUM MENIKAH,66,91,51,93,3.85,Lulus
"Pandu Kuswandari, S.I.Kom",Laki-laki,30,belum menikah,74,92,78,99,2.06,Lulus
"Usyi Wibisono, S.Psi",Perempuan,24,menikah,79,46,93,97,3.94,Lulus
Zalindra Kusumo,Laki-laki,29,Blm menikah,53,99,77,92,3.48,Lulus
Siska Maryati,Laki-laki,29,BELUM MENIKAH,42,56,72,73,2.3,Lulus
Galih Kurniawan,Perempuan,24,Blm menikah,53,63,72,56,2.69,Lulus
Dt. Purwanto Andriani,Laki-laki,26,Menikh,57,71,90,45,3.46,Lulus
Gantar Laksmiwati,Laki-laki,26,BELUM MENIKAH,65,53,88,65,3.56,Lulus
Kamaria Astuti,Laki-laki,23,B belum menikah,100,77,70,48,3.48,Lulus
Safina Anggraini,Perempuan,25,menikah,73,44,93,67,2.52,Lulus
Ulya Natsir,Perempuan,24,Belm Menikah,70,93,90,78,3.04,Lulus
Jumari Hutapea,Laki-laki,20,sudah menikah,85,99,73,87,2.73,Lulus
Gamani Puspasari,Laki-laki,20,single,53,40,63,97,2.67,Lulus
"Endah Manullang, S.Pd",Laki-laki,28,sudah menikah,81,46,91,96,2.46,Lulus
Raina Permata,Perempuan,20,Mnikah,93,73,95,60,3.23,Lulus
Teguh Permata,Perempuan,23,B belum menikah,72,60,67,41,2.57,Lulus
"Oliva Melani, S.Farm",Laki-laki,19,Belm Menikah,79,92,53,80,2.34,Lulus
Ir. Johan Nainggolan,Perempuan,19,Belm Menikah,97,95,63,49,3.94,Lulus
Vanesa Astuti,Laki-laki,23,Menikh,88,47,71,78,3.15,Lulus
"dr. Janet Aryani, S.Gz",Laki-laki,30,Blm menikah,82,69,62,70,3.4,Lulus
Drs. Anastasia Halim,Perempuan,29,belum menikah,64,45,55,55,2.71,Tidak
T. Yosef Budiman,Perempuan,27,single,55,46,88,71,2.76,Lulus
Akarsana Widiastuti,Perempuan,19,single,86,100,83,42,3.27,Lulus
R. Dewi Safitri,Perempuan,20,Menikaah,60,69,93,98,3.43,Lulus
Puti Ina Mandasari,Laki-laki,21,sudah menikah,87,71,56,57,3.21,Lulus
"Panji Lailasari, S.E.",Perempuan,29,Belm Menikah,90,56,81,41,2.6,Lulus
Jagaraga Safitri,Perempuan,24,Belm Menikah,47,60,99,96,3.94,Lulus
Humaira Habibi,Perempuan,24,sudah menikah,44,66,83,85,2.63,Lulus
"Ibun Astuti, S.Psi",Laki-laki,22,Menikaah,75,88,61,62,2.91,Lulus
"Dr. Tami Nainggolan, S.T.",Laki-laki,25,BELUM MENIKAH,45,47,42,81,3.45,Lulus
Endah Nashiruddin,Perempuan,26,Blm menikah,56,93,56,58,3.51,Lulus
drg. Mala Mandala,Perempuan,30,single,57,90,90,54,3.16,Lulus
Darmana Hakim,Perempuan,23,Mnikah,87,60,42,50,3.01,Lulus
"Bahuwirya Hidayat, S.Pt",Laki-laki,21,single,89,62,80,50,2.23,Lulus
Jaiman Yuliarti,Laki-laki,23,sudah menikah,54,84,82,65,2.82,Lulus
Devi Mustofa,Laki-laki,20,Belm Menikah,54,90,53,88,2.35,Lulus
Clara Wahyuni,Perempuan,22,B belum menikah,94,100,47,98,3.98,Lulus
"Rahayu Hastuti, S.Pd",Perempuan,30,Mnikah,67,93,85,51,2.83,Lulus
Praba Rajata,Perempuan,29,Menikh,47,87,67,53,3.35,Lulus
Kenes Budiyanto,Laki-laki,21,BELUM MENIKAH,91,67,75,51,2.38,Lulus
"Ir. Chelsea Saragih, M.Ak",Perempuan,25,Menikh,87,68,52,49,2.45,Lulus
Rahmi Marbun,Perempuan,30,menikah,75,83,90,77,3.02,Lulus
Najwa Mandasari,Laki-laki,22,Blm menikah,69,61,51,97,3.89,Lulus
Danu Napitupulu,Perempuan,26,MENIKAH,47,68,99,78,2.82,Lulus
Wisnu Astuti,Perempuan,24,Blm menikah,57,70,81,47,3.08,Lulus
Mustofa Firmansyah,Laki-laki,26,single,92,84,51,79,2.17,Lulus
Zaenab Budiyanto,Perempuan,21,Menikaah,75,48,71,58,2.81,Lulus
Aslijan Setiawan,Perempuan,21,Mnikah,55,54,100,68,2.55,Lulus
Radit Januar,Laki-laki,29,sudah menikah,68,82,90,70,2.64,Lulus
"Ir. Halim Handayani, S.T.",Laki-laki,19,Belm Menikah,46,65,97,41,3.72,Lulus
drg. Bahuraksa Yulianti,Laki-laki,21,Menikh,77,90,83,58,3.81,Lulus
Rahmat Dabukke,Laki-laki,28,menikah,83,74,54,97,3.04,Lulus
drg. Kasiyah Natsir,Perempuan,29,Menikh,80,44,43,100,2.28,Lulus
"Ophelia Hidayat, M.TI.",Perempuan,29,menikah,72,44,43,81,3.43,Lulus
Kambali Saefullah,Perempuan,20,MENIKAH,95,43,74,100,3.46,Lulus
"Elisa Lestari, S.E.",Laki-laki,30,Menikaah,55,48,49,88,3.61,Lulus
Lanang Hidayat,Perempuan,20,Belm Menikah,42,91,91,72,3.0,Lulus
Tedi Safitri,Perempuan,24,MENIKAH,88,59,97,56,3.13,Lulus
"Cut Halima Farida, M.Pd",Laki-laki,28,single,74,70,63,50,2.33,Lulus
Drs. Respati Agustina,Laki-laki,28,BELUM MENIKAH,59,96,68,42,3.28,Lulus
Estiawan Maryadi,Perempuan,20,Mnikah,73,85,98,83,2.41,Lulus
"Tgk. Rini Novitasari, S.Sos",Laki-laki,28,Menikaah,56,87,43,82,2.66,Lulus
Mahesa Widiastuti,Laki-laki,29,belum menikah,100,87,71,58,3.15,Lulus
"Cahyanto Sirait, S.Ked",Laki-laki,24,BELUM MENIKAH,92,47,40,55,3.03,Lulus
Uchita Pratiwi,Laki-laki,22,Mnikah,46,92,97,60,2.47,Lulus
"R. Cemplunk Prasetya, S.H.",Laki-laki,28,menikah,69,59,41,51,2.65,Tidak
Raharja Nasyidah,Perempuan,19,B belum menikah,64,68,63,57,3.12,Lulus
Baktiadi Irawan,Laki-laki,25,belum menikah,61,73,47,71,3.95,Lulus
"Kairav Iswahyudi, S.IP",Perempuan,22,Menikaah,54,56,81,84,2.89,Lulus
"Vinsen Suryatmi, S.Psi",Laki-laki,20,sudah menikah,57,61,65,98,3.55,Lulus
Dr. Vanesa Najmudin,Laki-laki,22,Blm menikah,53,61,69,47,2.57,Tidak
Ade Januar,Perempuan,22,B belum menikah,41,54,90,69,2.13,Lulus
Jaswadi Yuliarti,Laki-laki,21,BELUM MENIKAH,46,53,70,65,2.7,Lulus
Tina Hakim,Perempuan,20,MENIKAH,76,49,70,40,2.13,Tidak
Vera Mustofa,Laki-laki,24,B belum menikah,88,43,40,88,2.1,Lulus
"drg. Sidiq Zulkarnain, S.Gz",Laki-laki,28,Menikh,100,59,98,72,2.37,Lulus
Lukita Rajasa,Perempuan,30,B belum menikah,66,72,59,86,2.95,Lulus
"Olga Napitupulu, S.Ked",Perempuan,30,Menikh,72,58,69,40,3.21,Lulus
KH. Limar Firmansyah,Laki-laki,21,Menikh,60,42,58,94,3.5,Lulus
"Tgk. Luis Marpaung, S.E.I",Laki-laki,19,Menikaah,52,93,89,93,3.75,Lulus
Mutia Siregar,Perempuan,25,B belum menikah,92,86,67,98,2.54,Lulus
Vivi Prayoga,Laki-laki,25,Blm menikah,73,53,40,58,3.51,Lulus
Ian Suryono,Perempuan,28,belum menikah,97,85,70,88,3.81,Lulus
KH. Reza Zulkarnain,Laki-laki,28,sudah menikah,82,100,97,67,2.89,Lulus
"Enteng Rahimah, M.TI.",Laki-laki,29,Menikaah,99,68,72,92,2.63,Lulus
Dirja Siregar,Laki-laki,25,Belm Menikah,41,54,51,49,3.68,Tidak
Empluk Winarsih,Laki-laki,26,Belm Menikah,69,52,71,66,2.59,Lulus
Jelita Haryanti,Perempuan,20,B belum menikah,65,88,72,78,2.64,Lulus
"Hj. Rachel Padmasari, S.Pt",Perempuan,22,Menikh,55,94,70,40,3.22,Lulus
"Rahayu Tarihoran, S.Sos",Laki-laki,30,Menikh,66,91,72,61,2.44,Lulus
Dimaz Nuraini,Laki-laki,28,Mnikah,85,83,95,67,2.92,Lulus
Wawan Najmudin,Laki-laki,26,menikah,99,52,45,90,2.17,Lulus
Kasim Saputra,Laki-laki,27,B belum menikah,91,66,84,45,3.08,Lulus
Hartana Dongoran,Laki-laki,20,belum menikah,91,70,74,89,3.09,Lulus
"R. Narji Winarsih, S.Kom",Laki-laki,24,Blm menikah,44,62,83,75,3.87,Lulus
"dr. Emin Usada, S.Pt",Laki-laki,29,Menikaah,91,47,98,81,3.75,Lulus
"Ir. Wasis Suwarno, M.Pd",Laki-laki,26,Blm menikah,81,50,45,61,2.04,Tidak
Embuh Dabukke,Perempuan,20,BELUM MENIKAH,90,66,40,70,2.34,Lulus
Langgeng Hutagalung,Perempuan,27,menikah,48,54,93,94,2.88,Lulus
Dr. Tantri Saputra,Perempuan,29,sudah menikah,88,75,41,42,2.71,Lulus
Karen Jailani,Perempuan,21,Menikaah,46,92,61,86,3.92,Lulus
Dr. Dariati Nugroho,Laki-laki,27,Belm Menikah,86,68,43,90,2.84,Lulus
"Dr. Putri Saragih, S.Psi",Laki-laki,20,B belum menikah,75,97,84,66,3.62,Lulus
Kasiran Puspasari,Laki-laki,25,MENIKAH,73,72,93,47,3.75,Lulus
"Harsanto Melani, M.M.",Perempuan,23,sudah menikah,67,50,88,46,3.8,Lulus
Jessica Hariyah,Perempuan,22,B belum menikah,70,50,94,85,3.72,Lulus
dr. Karsa Widodo,Laki-laki,20,MENIKAH,43,98,100,65,3.62,Lulus
Raden Andriani,Laki-laki,24,MENIKAH,43,95,56,44,2.3,Tidak
Dian Halimah,Perempuan,22,BELUM MENIKAH,44,53,44,78,3.61,Lulus
"Kambali Sirait, S.H.",Perempuan,24,MENIKAH,46,50,49,68,3.48,Lulus
"Ghaliyati Saragih, S.IP",Laki-laki,30,sudah menikah,45,78,63,78,3.91,Lulus
Ir. Cakrawangsa Yulianti,Laki-laki,28,Menikaah,61,56,52,79,3.49,Lulus
Sutan Cahya Prastuti,Perempuan,26,Blm menikah,88,89,45,58,3.0,Lulus
"Sutan Koko Wahyudin, S.T.",Perempuan,29,Mnikah,44,94,52,100,3.13,Lulus
Qori Dongoran,Laki-laki,22,Menikaah,70,96,62,64,3.07,Lulus
Raden Laksita,Perempuan,29,menikah,68,86,74,81,3.44,Lulus
Citra Dabukke,Perempuan,25,belum menikah,97,97,42,51,2.27,Lulus
Cindy Wahyuni,Laki-laki,30,Menikh,67,67,62,93,3.29,Lulus
"Tgk. Hana Hutasoit, S.IP",Laki-laki,27,belum menikah,95,87,79,46,3.06,Lulus
Waluyo Firmansyah,Laki-laki,20,B belum menikah,61,63,51,76,3.66,Lulus
Eva Purnawati,Perempuan,27,BELUM MENIKAH,42,87,78,78,2.33,Lulus
Zahra Mahendra,Perempuan,21,Blm menikah,94,64,100,95,3.86,Lulus
"Drs. Victoria Budiman, M.TI.",Perempuan,19,B belum menikah,77,61,70,81,2.93,Lulus
Ami Hakim,Laki-laki,21,BELUM MENIKAH,51,55,88,97,2.27,Lulus
Nurul Firgantoro,Laki-laki,21,BELUM MENIKAH,78,58,43,72,2.71,Lulus
Sabar Narpati,Perempuan,22,B belum menikah,68,89,98,94,2.18,Lulus
R. Hilda Padmasari,Laki-laki,27,single,51,49,70,60,3.14,Lulus
Elma Januar,Perempuan,27,sudah menikah,46,66,65,91,2.85,Lulus
"Ir. Edison Rahimah, S.Farm",Perempuan,27,sudah menikah,97,55,54,88,2.76,Lulus
Kunthara Sudiati,Perempuan,19,MENIKAH,42,88,83,80,3.38,Lulus
Jati Prasetyo,Laki-laki,30,MENIKAH,72,91,86,78,2.26,Lulus
"Sutan Prayoga Riyanti, M.Ak",Laki-laki,21,B belum menikah,79,84,91,56,3.28,Lulus
Saiful Hutasoit,Perempuan,29,Menikh,49,93,65,96,2.28,Lulus
Cindy Handayani,Perempuan,20,Blm menikah,68,43,41,73,3.05,Lulus
Jaka Wahyuni,Perempuan,21,sudah menikah,86,75,79,40,3.58,Lulus
Mulyanto Saptono,Perempuan,23,single,89,63,95,81,2.68,Lulus
Bakianto Puspasari,Laki-laki,29,sudah menikah,76,73,83,77,3.0,Lulus
R.M. Wahyu Gunawan,Laki-laki,25,Menikaah,94,70,55,55,2.18,Lulus
Dewi Nurdiyanti,Laki-laki,24,Mnikah,41,86,86,78,3.64,Lulus
Irma Farida,Perempuan,20,Belm Menikah,66,91,54,79,2.18,Lulus
Lala Hutagalung,Laki-laki,29,single,82,56,84,86,3.7,Lulus
"Tgk. Hani Situmorang, M.Ak",Laki-laki,26,Belm Menikah,47,96,81,90,2.01,Lulus
"Catur Purwanti, M.Pd",Laki-laki,22,menikah,92,78,93,65,2.54,Lulus
H. Atma Firgantoro,Perempuan,23,Menikaah,86,71,85,47,2.86,Lulus
"R.M. Jumadi Palastri, M.TI.",Perempuan,20,Blm menikah,63,81,97,40,3.19,Lulus
Patricia Hidayanto,Perempuan,28,single,80,65,88,61,3.81,Lulus
"Karimah Usada, S.IP",Perempuan,21,Belm Menikah,40,46,69,77,3.86,Lulus
Saiful Dabukke,Laki-laki,30,sudah menikah,88,97,84,51,2.71,Lulus
"KH. Embuh Megantara, S.T.",Perempuan,21,Menikh,71,100,54,85,3.93,Lulus
drg. Betania Hartati,Perempuan,26,B belum menikah,100,94,56,62,2.98,Lulus
"Eka Saputra, S.Ked",Laki-laki,21,B belum menikah,72,65,92,91,3.03,Lulus
Catur Sinaga,Laki-laki,21,belum menikah,96,57,69,83,2.89,Lulus
"Mutia Zulaika, S.I.Kom",Laki-laki,22,Belm Menikah,77,88,73,42,3.48,Lulus
Salimah Salahudin,Laki-laki,19,B belum menikah,60,82,48,79,2.39,Lulus
"T. Darmaji Salahudin, S.IP",Laki-laki,24,sudah menikah,64,43,64,40,3.29,Tidak
Cemeti Suwarno,Laki-laki,29,MENIKAH,76,53,67,76,2.05,Lulus
Prakosa Maryadi,Perempuan,26,B belum menikah,43,94,52,42,3.33,Lulus
R. Lembah Pratama,Laki-laki,21,belum menikah,94,67,59,80,2.67,Lulus
Raharja Puspasari,Perempuan,24,single,90,41,42,76,2.03,Tidak
"Zaenab Jailani, S.H.",Perempuan,23,BELUM MENIKAH,63,74,43,90,3.16,Lulus
Winda Sihotang,Laki-laki,19,B belum menikah,95,60,51,78,2.53,Lulus
"Jelita Aryani, S.Gz",Perempuan,22,MENIKAH,70,96,65,44,2.81,Lulus
"Tgk. Yahya Zulkarnain, S.Sos",Laki-laki,20,B belum menikah,53,85,67,51,2.07,Lulus
Nova Sirait,Perempuan,24,single,62,82,81,87,3.13,Lulus
"R. Yono Pradipta, S.H.",Laki-laki,28,belum menikah,64,61,41,75,2.09,Tidak
R.M. Opung Kusumo,Perempuan,25,Blm menikah,45,88,50,66,3.0,Lulus
Sutan Jaswadi Megantara,Perempuan,23,single,75,84,42,46,3.11,Lulus
Lintang Sudiati,Laki-laki,27,belum menikah,71,45,64,56,2.37,Tidak
Perkasa Simanjuntak,Perempuan,23,Belm Menikah,98,56,77,73,3.74,Lulus
Ulva Pratama,Laki-laki,28,Blm menikah,87,67,90,94,2.63,Lulus
Gandi Prayoga,Laki-laki,25,Menikh,83,60,65,74,2.82,Lulus
Malika Haryanti,Perempuan,26,MENIKAH,45,74,64,57,3.14,Lulus
Ir. Laras Sihombing,Laki-laki,26,Menikh,50,81,55,82,3.89,Lulus
Anita Rajata,Perempuan,19,MENIKAH,96,97,77,60,3.05,Lulus
"dr. Shakila Irawan, S.Psi",Perempuan,23,Belm Menikah,63,45,54,97,2.11,Lulus
Anita Mustofa,Perempuan,21,BELUM MENIKAH,76,49,60,60,3.29,Lulus
"Safina Suwarno, S.Kom",Perempuan,25,Menikh,61,67,64,45,2.01,Tidak
Titi Kusumo,Laki-laki,27,MENIKAH,98,87,62,62,3.72,Lulus
"drg. Gilang Maryadi, M.Kom.",Perempuan,21,Belm Menikah,51,50,89,77,2.79,Lulus
Kurnia Kusumo,Perempuan,24,Blm menikah,64,89,48,72,2.17,Lulus
"Sutan Hamzah Winarsih, S.Pd",Laki-laki,24,sudah menikah,91,49,56,93,3.04,Lulus
Hj. Devi Wulandari,Perempuan,26,menikah,69,98,50,45,3.17,Lulus
"Abyasa Napitupulu, S.T.",Perempuan,20,Belm Menikah,59,55,40,82,2.49,Tidak
Raisa Zulaika,Laki-laki,23,single,50,86,76,89,2.7,Lulus
Ifa Hastuti,Laki-laki,30,sudah menikah,49,42,58,95,2.64,Lulus
Adikara Laksmiwati,Laki-laki,20,MENIKAH,97,69,68,97,2.1,Lulus
"drg. Pangeran Nashiruddin, M.Farm",Perempuan,20,Blm menikah,74,61,87,51,2.7,Lulus
Zelda Wahyuni,Perempuan,26,Blm menikah,47,71,48,96,3.62,Lulus
Paulin Prastuti,Laki-laki,26,Blm menikah,74,76,82,82,3.47,Lulus
Ophelia Purwanti,Perempuan,30,menikah,46,81,99,86,3.34,Lulus
Alika Usada,Perempuan,30,Menikaah,80,48,52,90,3.35,Lulus
Titin Saefullah,Perempuan,24,B belum menikah,88,57,52,88,3.94,Lulus
"Lukita Damanik, M.TI.",Perempuan,19,menikah,45,42,50,73,3.18,Tidak
Dr. Mutia Simbolon,Perempuan,27,Mnikah,49,88,68,50,2.44,Lulus
"Bakti Damanik, S.Pt",Perempuan,24,sudah menikah,64,93,50,72,3.49,Lulus
Dr. Candrakanta Suartini,Laki-laki,30,Menikaah,98,96,60,41,3.33,Lulus
"R.M. Danuja Padmasari, S.E.",Laki-laki,27,sudah menikah,45,91,56,65,2.56,Lulus
"Ivan Ardianto, S.Farm",Perempuan,22,Belm Menikah,47,95,73,77,2.24,Lulus
Septi Haryanti,Laki-laki,21,MENIKAH,56,77,86,46,3.53,Lulus
R.M. Galang Nababan,Laki-laki,23,single,97,48,62,57,3.03,Lulus
Daliono Hastuti,Laki-laki,19,B belum menikah,55,61,72,81,2.56,Lulus
Dt. Opung Sinaga,Laki-laki,26,menikah,47,50,59,100,2.16,Lulus
drg. Darmaji Palastri,Perempuan,28,BELUM MENIKAH,55,79,51,60,3.95,Lulus
Jefri Hidayanto,Laki-laki,24,BELUM MENIKAH,78,61,57,89,2.19,Lulus
Kurnia Rahmawati,Laki-laki,20,B belum menikah,83,64,57,94,3.6,Lulus
Rahman Gunarto,Perempuan,19,Mnikah,100,94,98,93,3.59,Lulus
"H. Cahyono Latupono, S.E.I",Laki-laki,21,menikah,100,76,40,64,3.31,Lulus
Halima Manullang,Perempuan,21,Blm menikah,68,62,54,80,2.93,Lulus
Cakrabuana Waskita,Perempuan,21,menikah,97,52,47,61,2.8,Lulus
Dt. Cagak Palastri,Perempuan,22,single,57,74,41,97,3.11,Lulus
Hj. Vicky Anggriawan,Perempuan,26,sudah menikah,68,83,46,54,3.23,Lulus
"T. Ghani Sirait, S.Sos",Perempuan,22,belum menikah,82,78,74,92,3.45,Lulus
"Irsad Astuti, M.TI.",Laki-laki,27,B belum menikah,77,58,93,53,2.52,Lulus
Ulya Ardianto,Perempuan,21,menikah,76,77,81,64,2.92,Lulus
"Faizah Sihotang, M.M.",Perempuan,27,belum menikah,100,50,63,85,3.89,Lulus
Patricia Natsir,Laki-laki,19,menikah,85,93,57,49,3.23,Lulus
Unjani Pangestu,Perempuan,20,Menikh,94,81,42,53,3.15,Lulus
Rini Prasasta,Laki-laki,28,menikah,49,68,65,76,3.86,Lulus
Tania Siregar,Perempuan,30,menikah,68,46,92,77,2.31,Lulus
Belinda Mangunsong,Perempuan,28,BELUM MENIKAH,46,46,46,53,2.07,Tidak
Genta Handayani,Laki-laki,20,BELUM MENIKAH,95,78,86,66,3.59,Lulus
Dt. Dasa Nugroho,Laki-laki,25,Mnikah,40,58,84,85,2.28,Lulus
Maman Winarsih,Laki-laki,25,Menikh,45,90,80,40,3.54,Lulus
"Waluyo Simbolon, M.TI.",Laki-laki,19,belum menikah,91,66,48,40,2.66,Lulus
"Ulva Narpati, M.TI.",Laki-laki,19,Blm menikah,88,81,87,57,3.53,Lulus
Faizah Pradana,Perempuan,25,belum menikah,92,55,65,56,2.39,Lulus
dr. Hamima Wahyuni,Perempuan,28,B belum menikah,40,94,86,90,3.26,Lulus
"Ir. Galih Simanjuntak, M.Pd",Laki-laki,23,belum menikah,65,56,68,72,3.68,Lulus
Uli Permata,Perempuan,20,single,41,66,63,58,3.06,Lulus
Hartaka Kusmawati,Perempuan,20,Mnikah,51,80,71,42,3.09,Lulus
"dr. Betania Mandasari, S.H.",Perempuan,24,Mnikah,79,68,40,47,2.18,Tidak
Ani Maryati,Perempuan,19,Mnikah,68,70,93,70,3.43,Lulus
Vinsen Manullang,Laki-laki,21,MENIKAH,88,96,82,54,2.43,Lulus
Agus Adriansyah,Perempuan,29,single,79,80,79,98,2.18,Lulus
"Tgk. Kezia Pratama, M.Ak",Perempuan,29,sudah menikah,94,81,79,40,2.49,Lulus
Galiono Suryono,Laki-laki,28,Mnikah,79,86,57,59,3.08,Lulus
Tri Rahmawati,Laki-laki,28,B belum menikah,51,63,69,42,3.08,Lulus
"T. Caket Maheswara, S.IP",Perempuan,24,B belum menikah,45,79,42,85,2.0,Lulus
Kartika Kurniawan,Perempuan,21,belum menikah,72,87,42,76,3.23,Lulus
Liman Prabowo,Laki-laki,23,Mnikah,47,99,42,100,2.54,Lulus
Karman Dongoran,Laki-laki,22,BELUM MENIKAH,91,77,65,70,2.54,Lulus
Kemba Budiman,Perempuan,21,Mnikah,97,40,93,69,2.0,Lulus
Wisnu Palastri,Laki-laki,28,sudah menikah,100,93,81,68,3.48,Lulus
drg. Zizi Prabowo,Laki-laki,25,belum menikah,84,51,52,63,2.69,Lulus
Cut Ilsa Pranowo,Perempuan,22,Blm menikah,79,86,72,70,3.3,Lulus
Janet Wulandari,Perempuan,23,Menikh,99,75,66,63,2.64,Lulus
"Mahfud Prasasta, M.TI.",Perempuan,20,Blm menikah,47,84,71,85,2.47,Lulus
Zahra Najmudin,Perempuan,30,single,68,84,66,72,2.2,Lulus
Diana Tamba,Perempuan,20,sudah menikah,57,52,72,71,3.88,Lulus
dr. Lembah Sudiati,Perempuan,30,BELUM MENIKAH,66,51,74,96,3.17,Lulus
"R. Elma Purwanti, S.Ked",Perempuan,22,BELUM MENIKAH,73,66,88,42,2.39,Lulus
Gaduh Tampubolon,Laki-laki,27,BELUM MENIKAH,83,70,41,70,2.88,Lulus
Farhunnisa Uwais,Perempuan,28,B belum menikah,65,52,43,85,2.62,Lulus
Patricia Kusumo,Perempuan,23,Menikh,65,93,45,87,3.03,Lulus
"Hani Sihombing, M.Kom.",Perempuan,20,Mnikah,83,75,68,48,2.18,Lulus
"dr. Usyi Sihombing, S.IP",Laki-laki,22,Blm menikah,40,72,52,85,3.36,Lulus
T. Malik Jailani,Laki-laki,27,single,73,67,56,74,3.32,Lulus
R. Melinda Najmudin,Perempuan,20,belum menikah,59,50,44,57,2.77,Tidak
Mujur Maheswara,Laki-laki,21,Menikh,51,66,80,56,2.7,Lulus
Ciaobella Yuniar,Perempuan,29,belum menikah,80,65,71,43,3.98,Lulus
Okta Riyanti,Perempuan,30,Mnikah,98,100,56,67,3.59,Lulus
Irsad Hidayanto,Perempuan,28,B belum menikah,84,85,44,54,3.55,Lulus
Tgk. Bella Halim,Perempuan,21,menikah,80,86,53,82,2.76,Lulus
Kasiran Hasanah,Laki-laki,20,B belum menikah,87,69,98,87,3.36,Lulus
T. Tri Winarno,Laki-laki,29,Belm Menikah,83,73,55,63,3.83,Lulus
Belinda Budiman,Perempuan,27,menikah,85,51,52,73,3.27,Lulus
Aswani Suryono,Perempuan,27,single,59,98,79,56,2.75,Lulus
Hendra Narpati,Perempuan,29,BELUM MENIKAH,50,73,76,67,2.37,Lulus
Jarwi Prakasa,Laki-laki,25,sudah menikah,49,90,54,92,2.73,Lulus
Puti Wani Firgantoro,Laki-laki,25,Blm menikah,40,86,50,94,2.42,Lulus
Dt. Manah Iswahyudi,Laki-laki,27,B belum menikah,57,57,54,90,3.02,Lulus
Juli Samosir,Perempuan,27,BELUM MENIKAH,100,51,75,96,3.91,Lulus
Karma Halimah,Perempuan,25,Mnikah,79,61,97,53,2.42,Lulus
"Drs. Rahayu Sihombing, S.E.",Laki-laki,21,single,67,57,47,53,2.16,Tidak
Uli Pertiwi,Laki-laki,27,Mnikah,40,82,88,89,3.56,Lulus
Shakila Pradipta,Laki-laki,28,Belm Menikah,68,40,86,96,2.53,Lulus
Puti Yance Agustina,Laki-laki,22,BELUM MENIKAH,87,46,68,84,3.48,Lulus
"Puti Nashiruddin, S.Gz",Laki-laki,26,sudah menikah,58,89,43,84,2.14,Lulus
KH. Jaiman Thamrin,Laki-laki,30,BELUM MENIKAH,50,91,50,82,2.96,Lulus
Gilang Andriani,Perempuan,25,MENIKAH,89,69,62,42,2.29,Lulus
Yuliana Prayoga,Perempuan,25,B belum menikah,72,48,91,49,2.09,Lulus
Nova Rajasa,Perempuan,22,Blm menikah,100,49,66,84,3.53,Lulus
Icha Samosir,Perempuan,29,Mnikah,54,82,65,50,2.75,Lulus
H. Bambang Haryanto,Perempuan,21,Blm menikah,55,57,63,41,2.93,Tidak
Argono Nasyiah,Laki-laki,27,Mnikah,56,52,73,67,3.1,Lulus
Bakiman Kusmawati,Perempuan,21,BELUM MENIKAH,54,94,47,59,3.33,Lulus
Bakijan Setiawan,Perempuan,19,single,97,100,41,81,3.59,Lulus
Prima Mangunsong,Laki-laki,22,Menikh,69,69,50,100,3.98,Lulus
R. Widya Aryani,Laki-laki,28,Mnikah,61,55,85,50,3.22,Lulus
"Drs. Gangsa Wijaya, S.H.",Laki-laki,30,BELUM MENIKAH,87,48,55,53,2.57,Lulus
"R. Hasta Waskita, S.Kom",Perempuan,24,Menikh,86,90,52,87,3.16,Lulus
"Rangga Laksita, M.Ak",Laki-laki,28,Belm Menikah,90,56,43,90,3.46,Lulus
"Chelsea Hardiansyah, S.Pt",Perempuan,25,Menikh,97,69,76,46,2.04,Lulus
Narji Jailani,Laki-laki,26,Blm menikah,95,51,58,64,2.53,Lulus
Darmana Aryani,Perempuan,28,single,78,61,63,49,2.75,Lulus
"Hj. Zamira Maryati, S.H.",Perempuan,22,MENIKAH,44,78,98,58,2.12,Lulus
Fitriani Anggraini,Perempuan,19,single,86,80,49,76,2.14,Lulus
Reksa Megantara,Perempuan,30,belum menikah,74,69,82,95,2.95,Lulus
Kamal Winarno,Laki-laki,24,Menikaah,71,68,72,100,2.33,Lulus
Kadir Natsir,Perempuan,27,Blm menikah,74,41,71,42,3.04,Lulus
Opung Nashiruddin,Perempuan,21,BELUM MENIKAH,90,78,76,78,2.23,Lulus
Vicky Haryanto,Laki-laki,25,Blm menikah,68,45,69,75,2.13,Lulus
Janet Hutasoit,Perempuan,26,Menikaah,81,97,52,63,3.17,Lulus
"Gambira Novitasari, S.Sos",Perempuan,27,Menikaah,93,56,59,72,3.86,Lulus
Harsana Maryati,Laki-laki,30,Blm menikah,71,69,50,92,2.7,Lulus
Johan Nugroho,Laki-laki,26,belum menikah,63,62,56,43,2.31,Tidak
"T. Jaswadi Haryanto, S.Kom",Laki-laki,25,single,84,93,62,57,2.53,Lulus
Damu Maulana,Perempuan,21,BELUM MENIKAH,40,53,55,48,2.38,Tidak
Zizi Rahmawati,Perempuan,26,sudah menikah,84,43,55,97,2.67,Lulus
"drg. Elma Wijaya, S.IP",Laki-laki,23,Belm Menikah,48,68,76,45,3.42,Lulus
Eka Usamah,Perempuan,28,BELUM MENIKAH,90,54,73,70,3.63,Lulus
"Arta Januar, M.Ak",Laki-laki,24,Belm Menikah,53,75,76,78,3.97,Lulus
"dr. Galih Mandala, S.Kom",Perempuan,30,Menikaah,74,57,72,51,3.92,Lulus
Dartono Suryatmi,Perempuan,22,B belum menikah,90,88,63,74,2.87,Lulus
"Ajimat Saefullah, M.Farm",Laki-laki,20,Belm Menikah,75,70,60,82,3.07,Lulus
Raden Januar,Perempuan,23,B belum menikah,49,82,87,41,2.49,Lulus
dr. Mala Wahyudin,Laki-laki,26,Blm menikah,95,90,46,93,3.49,Lulus
"Drs. Syahrini Nugroho, S.Ked",Laki-laki,29,Menikaah,62,76,98,82,2.36,Lulus
Sutan Gandi Puspasari,Laki-laki,22,BELUM MENIKAH,42,42,65,91,2.28,Tidak
Ifa Sitorus,Laki-laki,23,single,44,67,93,43,3.29,Lulus
Gamani Saputra,Perempuan,25,B belum menikah,86,48,68,76,3.94,Lulus
Margana Hastuti,Perempuan,29,B belum menikah,72,43,85,99,2.04,Lulus
Heru Maryati,Laki-laki,19,sudah menikah,63,76,63,56,3.57,Lulus
Aditya Ardianto,Perempuan,27,menikah,47,41,40,48,3.58,Tidak
"Humaira Lailasari, M.TI.",Laki-laki,25,sudah menikah,60,66,70,58,3.19,Lulus
Siti Uyainah,Laki-laki,24,BELUM MENIKAH,85,45,82,44,3.78,Lulus
Ir. Harimurti Siregar,Laki-laki,27,menikah,50,45,65,80,3.09,Lulus
Mahmud Lailasari,Laki-laki,28,Blm menikah,87,95,60,49,3.31,Lulus
"Niyaga Siregar, S.Farm",Laki-laki,27,belum menikah,63,76,91,47,3.54,Lulus
Kasiyah Aryani,Laki-laki,29,sudah menikah,61,43,77,54,3.94,Lulus
Hj. Indah Firmansyah,Perempuan,22,Belm Menikah,51,47,49,90,3.68,Lulus
"Purwa Sitompul, M.M.",Perempuan,28,B belum menikah,85,73,100,96,3.65,Lulus
"Ade Januar, S.Kom",Laki-laki,27,B belum menikah,59,76,73,85,3.39,Lulus
Cut Titin Tamba,Laki-laki,27,Blm menikah,94,47,40,79,3.65,Lulus
"Tgk. Siska Puspita, M.Kom.",Perempuan,25,Blm menikah,49,60,48,69,3.99,Lulus
Vanya Widiastuti,Perempuan,20,Blm menikah,72,57,49,74,3.22,Lulus
Widya Nasyiah,Laki-laki,29,Menikh,56,55,46,98,2.31,Lulus
"Caket Suwarno, S.Farm",Laki-laki,22,MENIKAH,95,76,45,44,3.32,Lulus
"Panca Winarsih, S.IP",Perempuan,28,BELUM MENIKAH,51,46,82,79,3.84,Lulus
"dr. Arta Wasita, S.Farm",Perempuan,19,Menikh,86,72,69,55,3.46,Lulus
"Ir. Ani Pudjiastuti, S.Kom",Perempuan,22,sudah menikah,69,59,51,83,2.64,Lulus
"Bakiman Hartati, S.Farm",Laki-laki,22,BELUM MENIKAH,45,48,81,66,2.46,Lulus
Rosman Tarihoran,Perempuan,26,single,51,98,54,86,2.11,Lulus
"R. Julia Sihotang, M.Farm",Perempuan,30,Menikaah,96,60,98,92,3.5,Lulus
Rahayu Nainggolan,Perempuan,20,Mnikah,67,42,43,91,2.02,Tidak
Sutan Xanana Hutasoit,Perempuan,23,single,54,75,74,89,2.34,Lulus
Zulaikha Salahudin,Perempuan,22,menikah,91,95,54,52,3.57,Lulus
Yance Zulkarnain,Perempuan,24,menikah,53,84,75,65,2.08,Lulus
"Mala Namaga, S.Pd",Laki-laki,25,sudah menikah,79,75,49,79,3.33,Lulus
"dr. Lili Prakasa, S.Pd",Perempuan,29,sudah menikah,90,72,52,74,3.41,Lulus
dr. Puspa Dabukke,Perempuan,20,B belum menikah,86,82,65,45,2.62,Lulus
Caturangga Laksmiwati,Perempuan,27,Blm menikah,50,54,94,84,3.54,Lulus
H. Martaka Sirait,Laki-laki,19,Menikaah,56,41,88,73,2.14,Lulus
Zalindra Haryanti,Perempuan,28,Blm menikah,43,74,47,59,3.5,Lulus
Drs. Najwa Tamba,Perempuan,19,MENIKAH,54,81,68,79,2.63,Lulus
Ir. Mujur Mandasari,Perempuan,26,menikah,88,72,53,77,2.12,Lulus
"Aurora Suartini, S.H.",Perempuan,23,belum menikah,84,71,73,85,3.45,Lulus
Dt. Salman Prastuti,Laki-laki,23,Belm Menikah,46,42,84,80,3.38,Lulus
"Hafshah Hutapea, M.Pd",Perempuan,22,menikah,47,61,85,91,2.43,Lulus
Clara Pranowo,Laki-laki,20,Blm menikah,41,70,82,91,2.11,Lulus
Kayun Halimah,Perempuan,25,Blm menikah,83,45,60,93,2.84,Lulus
"drg. Bala Sihotang, M.Ak",Laki-laki,30,MENIKAH,90,78,98,96,2.48,Lulus
"Widya Farida, S.E.I",Laki-laki,21,Menikaah,77,98,43,65,2.23,Lulus
Sakura Prabowo,Laki-laki,22,BELUM MENIKAH,45,93,44,54,2.78,Lulus
Bakti Safitri,Laki-laki,28,single,75,78,77,60,2.58,Lulus
Bagiya Nainggolan,Laki-laki,30,belum menikah,55,51,97,52,2.62,Lulus
Malik Novitasari,Perempuan,30,Belm Menikah,43,95,77,76,3.31,Lulus
Galih Utami,Perempuan,21,sudah menikah,55,63,54,66,3.61,Lulus
Nabila Oktaviani,Laki-laki,26,Belm Menikah,71,50,58,41,3.39,Lulus
"Tasnim Najmudin, M.Farm",Laki-laki,22,Menikh,73,79,99,99,2.42,Lulus
Ir. Violet Saptono,Laki-laki,22,Menikh,86,59,73,87,3.82,Lulus
"Shania Mulyani, S.Kom",Perempuan,26,belum menikah,70,72,62,80,3.44,Lulus
"Dt. Gangsar Suryatmi, M.Pd",Perempuan,23,Mnikah,51,56,57,61,2.97,Tidak
Gawati Waluyo,Perempuan,26,sudah menikah,76,59,77,56,3.41,Lulus
Natalia Fujiati,Laki-laki,24,single,100,70,57,59,2.3,Lulus
Gamanto Palastri,Perempuan,26,single,49,85,47,70,3.47,Lulus
Ami Yuniar,Laki-laki,24,menikah,81,72,50,66,3.04,Lulus
Virman Maryati,Laki-laki,20,MENIKAH,85,78,71,65,3.24,Lulus
Lasmanto Laksita,Laki-laki,26,Menikh,98,54,75,98,2.18,Lulus
"KH. Nugraha Narpati, S.T.",Perempuan,19,Menikh,75,88,49,71,2.18,Lulus
Asman Oktaviani,Perempuan,19,B belum menikah,53,83,85,96,2.51,Lulus
"Mujur Narpati, M.Pd",Laki-laki,20,single,47,95,64,58,2.07,Lulus
Drs. Ratih Budiyanto,Perempuan,19,Menikh,92,97,80,48,3.41,Lulus
Fathonah Mustofa,Laki-laki,21,Menikh,61,93,68,51,3.8,Lulus
"Lala Siregar, M.Pd",Perempuan,22,Menikh,86,72,72,86,3.2,Lulus
Oni Nugroho,Laki-laki,24,MENIKAH,86,63,76,56,2.49,Lulus
Ajeng Susanti,Laki-laki,30,Belm Menikah,42,70,59,70,2.41,Lulus
Eja Purnawati,Laki-laki,21,B belum menikah,47,51,70,92,3.91,Lulus
T. Garang Ardianto,Perempuan,24,B belum menikah,68,53,71,53,3.73,Lulus
Ciaobella Najmudin,Laki-laki,23,Menikh,81,84,99,98,3.81,Lulus
Darmaji Natsir,Laki-laki,27,B belum menikah,96,85,90,51,3.49,Lulus
Hj. Tantri Sihombing,Perempuan,29,Belm Menikah,41,82,84,99,2.5,Lulus
Betania Saptono,Laki-laki,29,menikah,88,66,63,59,3.3,Lulus
Prayogo Siregar,Perempuan,30,Menikh,79,79,59,59,3.99,Lulus
Rini Hakim,Laki-laki,22,BELUM MENIKAH,42,98,67,97,2.33,Lulus
Usyi Saragih,Laki-laki,19,Menikaah,59,71,46,51,3.69,Lulus
Cindy Lestari,Perempuan,30,Belm Menikah,69,75,92,79,2.97,Lulus
Zamira Mandasari,Laki-laki,26,Belm Menikah,66,43,77,72,2.78,Lulus
Cornelia Hassanah,Laki-laki,30,single,53,98,67,59,2.26,Lulus
Zelda Sudiati,Laki-laki,25,Mnikah,88,46,42,72,3.95,Lulus
Ade Oktaviani,Laki-laki,24,Blm menikah,80,68,64,61,2.38,Lulus
"Rini Thamrin, S.Gz",Perempuan,28,BELUM MENIKAH,49,65,99,87,2.68,Lulus
Vinsen Siregar,Laki-laki,24,menikah,50,96,43,94,2.08,Lulus
Drs. Asirwanda Firgantoro,Laki-laki,22,BELUM MENIKAH,58,91,42,75,3.72,Lulus
Oni Prayoga,Laki-laki,19,single,72,60,92,56,2.03,Lulus
Kezia Sihombing,Laki-laki,26,sudah menikah,56,64,77,70,3.67,Lulus
Vicky Maryadi,Perempuan,23,Blm menikah,72,71,68,80,3.15,Lulus
Cut Mila Prasetyo,Perempuan,26,belum menikah,54,71,42,47,3.33,Tidak
"Adinata Lailasari, S.Farm",Perempuan,23,belum menikah,77,69,82,73,3.56,Lulus
"Dr. Harjo Kusmawati, M.Ak",Perempuan,19,sudah menikah,95,88,45,48,2.91,Lulus
Paris Wacana,Laki-laki,20,belum menikah,56,90,99,71,2.21,Lulus
Hesti Samosir,Perempuan,29,belum menikah,69,53,96,79,3.03,Lulus
drg. Atma Kurniawan,Laki-laki,28,Mnikah,60,80,86,80,2.24,Lulus
Sadina Narpati,Laki-laki,21,Menikh,80,89,96,62,2.16,Lulus
Cecep Prayoga,Laki-laki,24,Mnikah,48,74,81,100,2.68,Lulus
Heryanto Hutapea,Perempuan,19,Belm Menikah,69,83,96,76,2.98,Lulus
Hasna Uyainah,Perempuan,19,Belm Menikah,92,44,84,72,3.24,Lulus
Nilam Lazuardi,Laki-laki,26,Menikaah,50,100,43,75,2.04,Lulus
Darimin Pudjiastuti,Perempuan,23,BELUM MENIKAH,57,86,72,43,2.81,Lulus
T. Vega Firmansyah,Laki-laki,26,Menikaah,54,65,52,58,2.32,Tidak
Hamzah Zulkarnain,Laki-laki,24,BELUM MENIKAH,66,40,53,83,3.85,Lulus
Ghaliyati Hariyah,Perempuan,28,Blm menikah,57,77,85,75,2.07,Lulus
"Bakiadi Prasasta, S.H.",Laki-laki,30,B belum menikah,47,49,72,59,2.01,Tidak
Tgk. Faizah Nasyiah,Laki-laki,22,MENIKAH,80,50,53,62,2.95,Lulus
Nyoman Zulaika,Laki-laki,25,single,77,46,53,88,3.46,Lulus
"Ir. Clara Safitri, S.Pt",Laki-laki,21,BELUM MENIKAH,93,73,43,73,2.91,Lulus
"Safina Pradana, S.Kom",Laki-laki,28,Mnikah,98,94,41,55,3.16,Lulus
Hafshah Nurdiyanti,Perempuan,21,Belm Menikah,65,95,97,91,2.18,Lulus
Capa Tamba,Perempuan,27,belum menikah,99,86,84,78,2.11,Lulus
Septi Hutapea,Perempuan,19,Belm Menikah,73,49,81,41,3.44,Lulus
Ana Sihotang,Laki-laki,24,belum menikah,68,74,47,92,2.83,Lulus
Hari Palastri,Perempuan,22,single,89,44,89,96,3.52,Lulus
Dt. Radit Situmorang,Perempuan,22,menikah,53,64,97,43,2.74,Lulus
Mutia Laksita,Laki-laki,19,Mnikah,76,56,60,79,2.97,Lulus
"R.A. Aurora Mahendra, S.H.",Laki-laki,28,MENIKAH,100,73,98,43,2.12,Lulus
Cut Vanya Gunarto,Perempuan,28,B belum menikah,99,79,42,99,2.82,Lulus
Yani Agustina,Laki-laki,23,sudah menikah,58,80,44,99,2.92,Lulus
Martana Hartati,Perempuan,26,sudah menikah,74,81,78,63,2.98,Lulus
Cornelia Laksmiwati,Laki-laki,28,Mnikah,95,91,40,87,3.73,Lulus
Umaya Siregar,Perempuan,29,single,57,81,79,78,3.06,Lulus
Qori Tampubolon,Perempuan,23,Menikh,51,81,68,65,3.52,Lulus
"Garang Mayasari, S.E.",Laki-laki,25,MENIKAH,71,78,93,41,3.2,Lulus
Cemeti Mansur,Laki-laki,29,MENIKAH,40,76,86,44,2.6,Lulus
Radika Nashiruddin,Perempuan,20,Blm menikah,81,54,92,84,3.95,Lulus
"Bagas Zulkarnain, S.E.",Laki-laki,21,sudah menikah,52,69,62,52,3.44,Lulus
Juli Sinaga,Perempuan,23,Mnikah,98,72,97,88,2.95,Lulus
Maimunah Kuswandari,Laki-laki,24,Menikaah,81,48,96,43,2.33,Lulus
"Puti Ifa Palastri, S.Gz",Laki-laki,30,sudah menikah,79,99,96,67,2.11,Lulus
Ulya Maryadi,Laki-laki,30,Menikaah,43,49,50,49,2.46,Tidak
Taufik Susanti,Perempuan,27,belum menikah,52,83,49,47,2.07,Tidak
"drg. Harimurti Suryatmi, S.T.",Laki-laki,27,MENIKAH,84,56,60,55,2.41,Lulus
Tgk. Nardi Wibowo,Laki-laki,23,sudah menikah,62,83,84,96,3.59,Lulus
"Ir. Kadir Hutapea, M.TI.",Perempuan,19,B belum menikah,98,74,75,64,2.53,Lulus
Puspa Salahudin,Perempuan,23,BELUM MENIKAH,73,84,65,76,2.69,Lulus
"Sadina Budiman, S.Ked",Perempuan,27,Menikh,56,59,60,90,2.8,Lulus
"Agnes Suryono, S.T.",Perempuan,26,Blm menikah,80,55,89,45,2.73,Lulus
Putri Sirait,Laki-laki,23,single,59,58,82,43,2.32,Lulus
Garan Marpaung,Laki-laki,19,MENIKAH,90,45,73,72,3.72,Lulus
"Mulyanto Mayasari, M.Ak",Laki-laki,19,single,75,75,53,46,3.38,Lulus
T. Rendy Farida,Perempuan,20,Mnikah,64,59,86,57,2.29,Lulus
"dr. Ghaliyati Rahimah, S.Kom",Laki-laki,30,menikah,50,79,73,69,3.31,Lulus
Putri Kuswandari,Laki-laki,23,menikah,86,41,62,81,2.02,Lulus
Darijan Nasyiah,Laki-laki,27,Blm menikah,82,94,64,76,2.66,Lulus
"Putri Suartini, S.E.I",Perempuan,23,single,71,85,91,44,2.81,Lulus
Cinta Irawan,Perempuan,30,menikah,99,57,72,43,2.19,Lulus
Sari Safitri,Laki-laki,27,Blm menikah,96,97,59,60,2.34,Lulus
Gilda Sitompul,Perempuan,25,Mnikah,57,75,48,67,2.37,Lulus
"Irnanto Lazuardi, S.H.",Laki-laki,29,B belum menikah,50,90,53,77,3.28,Lulus
Dt. Chandra Dongoran,Perempuan,28,Menikh,99,49,79,61,3.49,Lulus
Nyoman Adriansyah,Perempuan,22,menikah,93,60,75,58,2.09,Lulus
Tantri Wastuti,Laki-laki,24,Mnikah,59,84,55,98,2.14,Lulus
Tantri Hutapea,Perempuan,24,B belum menikah,57,66,67,52,3.32,Lulus
Gabriella Astuti,Laki-laki,27,Menikaah,66,48,52,65,3.29,Lulus
"Sutan Yahya Yuliarti, M.Farm",Perempuan,30,Belm Menikah,60,98,87,53,3.05,Lulus
Shakila Winarno,Laki-laki,26,MENIKAH,68,62,95,45,3.34,Lulus
Teguh Riyanti,Laki-laki,27,Mnikah,49,60,85,88,3.88,Lulus
"Tgk. Daniswara Fujiati, S.I.Kom",Perempuan,20,sudah menikah,66,58,73,72,3.77,Lulus
Vera Halim,Perempuan,20,Belm Menikah,84,51,88,47,3.26,Lulus
Hari Simanjuntak,Perempuan,21,Menikh,99,80,61,62,2.11,Lulus
"Hasan Kurniawan, M.Pd",Perempuan,20,Mnikah,79,100,67,79,3.87,Lulus
"Sutan Prima Wastuti, S.Psi",Perempuan,25,Belm Menikah,52,100,48,71,3.43,Lulus
Maria Kuswoyo,Perempuan,28,Blm menikah,72,88,74,78,2.74,Lulus
Hasna Irawan,Perempuan,23,Menikh,43,81,60,94,2.97,Lulus
Elma Marbun,Laki-laki,26,menikah,68,43,43,81,2.12,Tidak
Kemal Hasanah,Perempuan,21,Belm Menikah,64,76,57,64,3.9,Lulus
Sutan Reza Zulaika,Perempuan,24,Menikh,82,48,93,88,2.32,Lulus
"Tgk. Salimah Jailani, S.E.I",Perempuan,21,BELUM MENIKAH,82,75,89,55,3.46,Lulus
Paramita Sihotang,Laki-laki,25,BELUM MENIKAH,100,94,57,70,3.21,Lulus
Nyana Dabukke,Perempuan,24,B belum menikah,97,98,50,94,3.54,Lulus
Hana Suartini,Perempuan,24,Menikaah,83,50,51,46,2.59,Tidak
Devi Laksmiwati,Perempuan,29,menikah,75,42,82,81,2.76,Lulus
"T. Nalar Pangestu, S.Farm",Laki-laki,19,Blm menikah,42,74,62,84,3.28,Lulus
Ina Suryatmi,Perempuan,29,BELUM MENIKAH,51,50,43,75,3.57,Lulus
Ana Mahendra,Laki-laki,22,Mnikah,72,42,52,59,2.34,Tidak
"T. Lurhur Marpaung, M.TI.",Perempuan,29,Blm menikah,80,47,97,53,3.81,Lulus
